sampleSize,mergeSort,keycomp
0,1468,1
1,459,1
2,2133,4
3,2761,8
4,3199,11
5,4248,16
6,5047,20
7,5834,24
8,6432,27
9,7698,33
10,8633,38
11,9587,43
12,10346,47
13,11620,52
14,12063,56
15,12853,60
16,14227,63
17,17523,70
18,18654,76
19,21653,82
20,22636,87
21,24013,93
22,25993,98
23,26659,103
24,27727,107
25,28468,113
26,30715,118
27,31155,123
28,32224,127
29,33438,132
30,33978,136
31,35888,140
32,36629,143
33,39564,151
34,40229,158
35,42583,165
36,39405,171
37,45720,178
38,46664,184
39,50448,190
40,48583,195
41,49690,202
42,51411,208
43,53712,214
44,54068,219
45,55136,225
46,56710,230
47,57614,235
48,58325,239
49,59740,246
50,60997,252
51,65923,258
52,65767,263
53,65457,269
54,65254,274
55,68172,279
56,68206,283
57,71939,289
58,72521,294
59,73719,299
60,74886,303
61,85534,308
62,78289,312
63,78198,316
64,78994,319
65,81348,328
66,81506,336
67,85985,344
68,116964,351
69,91053,359
70,91240,366
71,91972,373
72,90922,379
73,87474,387
74,83072,394
75,103113,401
76,100903,407
77,105594,414
78,104731,420
79,105110,426
80,106069,431
81,107222,439
82,120968,446
83,112097,453
84,114443,459
85,115159,466
86,115622,472
87,117501,478
88,118204,483
89,119712,490
90,117040,496
91,120523,502
92,122494,507
93,125615,513
94,129162,518
95,128226,523
96,127614,527
97,131635,535
98,130281,542
99,134202,549
100,136489,555
101,136541,562
102,136767,568
103,340952,574
104,155027,579
105,141422,586
106,145533,592
107,148762,598
108,146908,603
109,148316,609
110,148413,614
111,142960,619
112,149405,623
113,146690,630
114,170198,636
115,151362,642
116,216697,647
117,238134,653
118,153066,658
119,154850,663
120,157386,667
121,160563,673
122,198386,678
123,170336,683
124,166677,687
125,168567,692
126,171129,696
127,167090,700
128,187946,703
129,174007,713
130,174676,722
131,175554,731
132,171263,739
133,178238,748
134,179237,756
135,184145,764
136,280183,771
137,191152,780
138,197582,788
139,178504,796
140,202350,803
141,202496,811
142,207673,818
143,207767,825
144,208831,831
145,208976,840
146,216293,848
147,237572,856
148,219509,863
149,223443,871
150,229828,878
151,214434,885
152,221556,891
153,226118,899
154,219627,906
155,415796,913
156,228854,919
157,235817,926
158,231732,932
159,234345,938
160,228061,943
161,313615,952
162,243131,960
163,248419,968
164,237591,975
165,267675,983
166,247794,990
167,241293,997
168,247927,1003
169,245341,1011
170,245907,1018
171,255234,1025
172,326359,1031
173,325388,1038
174,266591,1044
175,257943,1050
176,263240,1055
177,361447,1063
178,267709,1070
179,313451,1077
180,265254,1083
181,309788,1090
182,262798,1096
183,310575,1102
184,265434,1107
185,308524,1114
186,300857,1120
187,309965,1126
188,330590,1131
189,290989,1137
190,340529,1142
191,362882,1147
192,411695,1151
193,612414,1160
194,640956,1168
195,630310,1176
196,529407,1183
197,731469,1191
198,531999,1198
199,522006,1205
200,523638,1211
201,563447,1219
202,618647,1226
203,445888,1233
204,694524,1239
205,661762,1246
206,661673,1252
207,659593,1258
208,667836,1263
209,675034,1271
210,707355,1278
211,632219,1285
212,366172,1291
213,356992,1298
214,349858,1304
215,372680,1310
216,345296,1315
217,353555,1322
218,352015,1328
219,385831,1334
220,384357,1339
221,357934,1345
222,357287,1350
223,361320,1355
224,360240,1359
225,358055,1367
226,357793,1374
227,362359,1381
228,362959,1387
229,365228,1394
230,370349,1400
231,373974,1406
232,371750,1411
233,375130,1418
234,375567,1424
235,371394,1430
236,374406,1435
237,378731,1441
238,370213,1446
239,381059,1451
240,406109,1455
241,385329,1462
242,373701,1468
243,377130,1474
244,378725,1479
245,376641,1485
246,380274,1490
247,395337,1495
248,387379,1499
249,390494,1505
250,416050,1510
251,394696,1515
252,395839,1519
253,407913,1524
254,399020,1528
255,393308,1532
256,411092,1535
257,414755,1546
258,436129,1556
259,427539,1566
260,424913,1575
261,435922,1585
262,434283,1594
263,431797,1603
264,449657,1611
265,431090,1621
266,454487,1630
267,444819,1639
268,456049,1647
269,448300,1656
270,497381,1664
271,451169,1672
272,473902,1679
273,556888,1689
274,493358,1698
275,478017,1707
276,479686,1715
277,455191,1724
278,464234,1732
279,473702,1740
280,479753,1747
281,479003,1756
282,474452,1764
283,480267,1772
284,531493,1779
285,497823,1787
286,503777,1794
287,485088,1801
288,506234,1807
289,505192,1817
290,521303,1826
291,503599,1835
292,510319,1843
293,489873,1852
294,481484,1860
295,482086,1868
296,487031,1875
297,489949,1884
298,492588,1892
299,499491,1900
300,511516,1907
301,491773,1915
302,487389,1922
303,492904,1929
304,492222,1935
305,494918,1944
306,495178,1952
307,498344,1960
308,500468,1967
309,498483,1975
310,512756,1982
311,525723,1989
312,502989,1995
313,484259,2003
314,514806,2010
315,506214,2017
316,494358,2023
317,489935,2030
318,497414,2036
319,511441,2042
320,503528,2047
321,504748,2057
322,525966,2066
323,516060,2075
324,525671,2083
325,530773,2092
326,525789,2100
327,511905,2108
328,535374,2115
329,519856,2124
330,572155,2132
331,549046,2140
332,566713,2147
333,606255,2155
334,803871,2162
335,797842,2169
336,724119,2175
337,568085,2184
338,537225,2192
339,546293,2200
340,550935,2207
341,572646,2215
342,688786,2222
343,671245,2229
344,679787,2235
345,707384,2243
346,698599,2250
347,679110,2257
348,681610,2263
349,685971,2270
350,687998,2276
351,712235,2282
352,692792,2287
353,694826,2296
354,665510,2304
355,674399,2312
356,674080,2319
357,685160,2327
358,672076,2334
359,674059,2341
360,688728,2347
361,666127,2355
362,682728,2362
363,693769,2369
364,687419,2375
365,693595,2382
366,690849,2388
367,694129,2394
368,693506,2399
369,729199,2407
370,694261,2414
371,681024,2421
372,677088,2427
373,677615,2434
374,686546,2440
375,694649,2446
376,688816,2451
377,727659,2458
378,926153,2464
379,619320,2470
380,980206,2475
381,740282,2481
382,699946,2486
383,867275,2491
384,938640,2495
385,860218,2505
386,609335,2514
387,688159,2523
388,924410,2531
389,992063,2540
390,1034284,2548
391,1080257,2556
392,1074230,2563
393,1067346,2572
394,1068436,2580
395,1061006,2588
396,1208879,2595
397,1166837,2603
398,1164032,2610
399,1180312,2617
400,1172457,2623
401,1185441,2632
402,1168134,2640
403,719649,2648
404,725972,2655
405,733333,2663
406,736095,2670
407,848000,2677
408,805364,2683
409,719500,2691
410,718926,2698
411,737499,2705
412,721068,2711
413,743648,2718
414,813738,2724
415,893346,2730
416,737562,2735
417,743421,2744
418,671265,2752
419,819109,2760
420,933670,2767
421,762544,2775
422,751417,2782
423,764290,2789
424,738863,2795
425,763641,2803
426,790289,2810
427,913148,2817
428,759673,2823
429,753443,2830
430,753078,2836
431,755277,2842
432,764147,2847
433,898839,2855
434,776273,2862
435,782490,2869
436,766482,2875
437,775754,2882
438,762093,2888
439,797635,2894
440,655897,2899
441,738985,2906
442,690967,2912
443,691455,2918
444,704260,2923
445,696507,2929
446,665084,2934
447,717395,2939
448,784300,2943
449,683413,2952
450,694275,2960
451,698205,2968
452,688286,2975
453,707226,2983
454,656678,2990
455,685380,2997
456,683987,3003
457,679204,3011
458,685659,3018
459,707232,3025
460,668490,3031
461,721321,3038
462,633446,3044
463,663470,3050
464,629143,3055
465,637594,3063
466,1056034,3070
467,1070191,3077
468,939956,3083
469,832949,3090
470,821841,3096
471,814149,3102
472,847644,3107
473,784849,3114
474,827955,3120
475,833276,3126
476,824099,3131
477,806423,3137
478,846879,3142
479,858664,3147
480,941612,3151
481,828617,3159
482,837247,3166
483,852607,3173
484,1026348,3179
485,852133,3186
486,855561,3192
487,831220,3198
488,840813,3203
489,840331,3210
490,849044,3216
491,963614,3222
492,835912,3227
493,896595,3233
494,845047,3238
495,994492,3243
496,855794,3247
497,853429,3254
498,884384,3260
499,939629,3266
500,932795,3271
501,932399,3277
502,942231,3282
503,907160,3287
504,915099,3291
505,942152,3297
506,959100,3302
507,947106,3307
508,938199,3311
509,930082,3316
510,950010,3320
511,965059,3324
512,949524,3327
513,965219,3339
514,964402,3350
515,1018698,3361
516,972034,3371
517,958752,3382
518,1024574,3392
519,981362,3402
520,973463,3411
521,980860,3422
522,986457,3432
523,990456,3442
524,984277,3451
525,987736,3461
526,997943,3470
527,969469,3479
528,950632,3487
529,958175,3498
530,964319,3508
531,1004508,3518
532,974749,3527
533,969294,3537
534,958391,3546
535,994550,3555
536,983984,3563
537,990034,3573
538,1007539,3582
539,1061691,3591
540,993874,3599
541,996054,3608
542,1037570,3616
543,1043318,3624
544,1053016,3631
545,1079518,3642
546,1200358,3652
547,955749,3662
548,939193,3671
549,966191,3681
550,1015597,3690
551,969811,3699
552,1135941,3707
553,982052,3717
554,972890,3726
555,1137402,3735
556,825614,3743
557,816440,3752
558,833431,3760
559,825523,3768
560,819287,3775
561,913030,3785
562,996569,3794
563,1155803,3803
564,908621,3811
565,925565,3820
566,947809,3828
567,1105838,3836
568,944919,3843
569,975385,3852
570,1012401,3860
571,975986,3868
572,1028151,3875
573,1127289,3883
574,1011967,3890
575,991705,3897
576,991711,3903
577,1155200,3914
578,860450,3924
579,909295,3934
580,913757,3943
581,937192,3953
582,929382,3962
583,901594,3971
584,882205,3979
585,896508,3989
586,906228,3998
587,912706,4007
588,921145,4015
589,909231,4024
590,893065,4032
591,905041,4040
592,901794,4047
593,900488,4057
594,944165,4066
595,921071,4075
596,943082,4083
597,936506,4092
598,925018,4100
599,910910,4108
600,921515,4115
601,922645,4124
602,917888,4132
603,920611,4140
604,947904,4147
605,912414,4155
606,933889,4162
607,926064,4169
608,920444,4175
609,932303,4185
610,912098,4194
611,988618,4203
612,1103484,4211
613,984321,4220
614,988195,4228
615,958039,4236
616,933799,4243
617,949841,4252
618,875203,4260
619,969918,4268
620,929699,4275
621,921604,4283
622,945139,4290
623,908851,4297
624,992637,4303
625,916587,4312
626,920907,4320
627,1083068,4328
628,1084654,4335
629,1232120,4343
630,1127324,4350
631,1144861,4357
632,1132955,4363
633,1049393,4371
634,1272734,4378
635,1078246,4385
636,1157651,4391
637,1215579,4398
638,1170707,4404
639,1183088,4410
640,1327327,4415
641,1370176,4426
642,815517,4436
643,1218816,4446
644,1539038,4455
645,1101490,4465
646,990490,4474
647,963689,4483
648,1016564,4491
649,1025690,4501
650,990949,4510
651,1072537,4519
652,950716,4527
653,1041217,4536
654,1046362,4544
655,1197618,4552
656,1082669,4559
657,1083689,4569
658,1547224,4578
659,1264921,4587
660,1766521,4595
661,1571690,4604
662,1129428,4612
663,1112919,4620
664,1163841,4627
665,1180148,4636
666,1305605,4644
667,903113,4652
668,1011519,4659
669,1135847,4667
670,1166440,4674
671,1286071,4681
672,1519008,4687
673,1126297,4697
674,1171668,4706
675,1198221,4715
676,1204116,4723
677,1149720,4732
678,1163329,4740
679,1195363,4748
680,1357202,4755
681,1551331,4764
682,1559179,4772
683,1492319,4780
684,1531174,4787
685,1503066,4795
686,1541051,4802
687,1519812,4809
688,1493395,4815
689,1509681,4824
690,1518488,4832
691,1235139,4840
692,1083406,4847
693,1088703,4855
694,1148968,4862
695,1637203,4869
696,1106368,4875
697,1190415,4883
698,1176306,4890
699,1145380,4897
700,1160119,4903
701,1229987,4910
702,1175811,4916
703,1267747,4922
704,1215237,4927
705,1187320,4937
706,1141655,4946
707,1101336,4955
708,1136295,4963
709,1133407,4972
710,1160063,4980
711,1144110,4988
712,1174868,4995
713,1161230,5004
714,1131620,5012
715,1139473,5020
716,1208698,5027
717,1143605,5035
718,1123181,5042
719,1064023,5049
720,1076666,5055
721,1109070,5064
722,1139705,5072
723,1152934,5080
724,1100426,5087
725,1114703,5095
726,1123796,5102
727,2420503,5109
728,1243816,5115
729,1307122,5123
730,1314953,5130
731,1533708,5137
732,1348019,5143
733,1286452,5150
734,1417624,5156
735,1317098,5162
736,1291447,5167
737,1298925,5176
738,1395813,5184
739,1437022,5192
740,1304028,5199
741,1302670,5207
742,1457060,5214
743,1283097,5221
744,1296688,5227
745,1299604,5235
746,1569597,5242
747,1298998,5249
748,1351670,5255
749,1477595,5262
750,1281699,5268
751,1269822,5274
752,1175107,5279
753,1203793,5287
754,1176133,5294
755,1168781,5301
756,1205521,5307
757,1195350,5314
758,1197765,5320
759,1183084,5326
760,1188638,5331
761,1207332,5338
762,1160627,5344
763,1170244,5350
764,1169856,5355
765,1199741,5361
766,1187551,5366
767,1192443,5371
768,1175229,5375
769,1191081,5386
770,1172744,5396
771,1172586,5406
772,1174841,5415
773,1185180,5425
774,1203395,5434
775,1204514,5443
776,1190905,5451
777,1278245,5461
778,1263861,5470
779,1210427,5479
780,1209899,5487
781,1257587,5496
782,1221337,5504
783,1221253,5512
784,1197014,5519
785,1244381,5529
786,1238553,5538
787,1230359,5547
788,1217440,5555
789,1266598,5564
790,1259576,5572
791,1262652,5580
792,1258429,5587
793,1261648,5596
794,1247271,5604
795,1240134,5612
796,1260496,5619
797,1288293,5627
798,1243775,5634
799,1245288,5641
800,1243294,5647
801,1325646,5657
802,1258514,5666
803,1279985,5675
804,1253857,5683
805,1291842,5692
806,1281491,5700
807,1732949,5708
808,1460475,5715
809,1340313,5724
810,1324441,5732
811,1313066,5740
812,1375892,5747
813,1395745,5755
814,1340550,5762
815,1385097,5769
816,1588257,5775
817,1340708,5784
818,1312073,5792
819,1393696,5800
820,1334058,5807
821,1324605,5815
822,1318028,5822
823,1346975,5829
824,1267622,5835
825,1335492,5843
826,1331038,5850
827,1347917,5857
828,1365977,5863
829,1667531,5870
830,1651151,5876
831,1465108,5882
832,1607944,5887
833,1645423,5897
834,1515021,5906
835,1205798,5915
836,1264895,5923
837,1256096,5932
838,1348692,5940
839,1221980,5948
840,1210727,5955
841,1352837,5964
842,1203211,5972
843,1207344,5980
844,1188772,5987
845,1109069,5995
846,1112254,6002
847,1363764,6009
848,1361918,6015
849,1404843,6024
850,1369971,6032
851,1420733,6040
852,1483073,6047
853,1830067,6055
854,1876206,6062
855,2181720,6069
856,1196249,6075
857,1166128,6083
858,1178491,6090
859,1186982,6097
860,1181492,6103
861,1159227,6110
862,1166911,6116
863,1207348,6122
864,1169641,6127
865,1180932,6136
866,1194546,6144
867,1172992,6152
868,1178336,6159
869,1777232,6167
870,1504582,6174
871,1506140,6181
872,1484186,6187
873,1483068,6195
874,1468665,6202
875,1516048,6209
876,1503602,6215
877,1497180,6222
878,1507288,6228
879,1785865,6234
880,1398323,6239
881,1436865,6247
882,1454851,6254
883,1475055,6261
884,1482137,6267
885,1410723,6274
886,1409858,6280
887,1431468,6286
888,1402751,6291
889,1526176,6298
890,1666626,6304
891,1360298,6310
892,1417318,6315
893,1517430,6321
894,1706138,6326
895,1743761,6331
896,1511450,6335
897,1746439,6345
898,1589907,6354
899,1580801,6363
900,1720972,6371
901,1741234,6380
902,1548934,6388
903,1784498,6396
904,1559180,6403
905,1555356,6412
906,1620760,6420
907,1715335,6428
908,1585349,6435
909,1705363,6443
910,1631000,6450
911,1571618,6457
912,1603886,6463
913,1660887,6472
914,1511303,6480
915,1677826,6488
916,1529663,6495
917,1525864,6503
918,1555607,6510
919,1675471,6517
920,1544815,6523
921,1584876,6531
922,1693288,6538
923,1517198,6545
924,1424480,6551
925,1407410,6558
926,1391194,6564
927,1391694,6570
928,1435988,6575
929,1511592,6584
930,1395792,6592
931,1440822,6600
932,1404019,6607
933,1375844,6615
934,1353686,6622
935,1376913,6629
936,1354035,6635
937,1353865,6643
938,1410317,6650
939,1372522,6657
940,1712239,6663
941,2283420,6670
942,2370148,6676
943,2002276,6682
944,1524435,6687
945,1506999,6695
946,1516521,6702
947,1536823,6709
948,1564662,6715
949,1414423,6722
950,1384079,6728
951,1326685,6734
952,1393881,6739
953,1352406,6746
954,1372878,6752
955,1384288,6758
956,1405822,6763
957,1375326,6769
958,1380898,6774
959,1389143,6779
960,1352908,6783
961,1359573,6792
962,1368733,6800
963,1397640,6808
964,1370246,6815
965,1357820,6823
966,1362321,6830
967,1734455,6837
968,1822443,6843
969,1761241,6851
970,1891209,6858
971,1885664,6865
972,1833453,6871
973,1855889,6878
974,1881263,6884
975,1850050,6890
976,1836945,6895
977,1764104,6903
978,1705213,6910
979,1417090,6917
980,1384466,6923
981,1387501,6930
982,1384672,6936
983,1385820,6942
984,1377584,6947
985,1377880,6954
986,1402983,6960
987,1393413,6966
988,1713330,6971
989,1979448,6977
990,1471202,6982
991,1455078,6987
992,1558703,6991
993,1466493,6999
994,1439257,7006
995,1463191,7013
996,1451577,7019
997,1482874,7026
998,1460325,7032
999,1542472,7038
1000,1418029,7043
1001,1393950,7050
1002,1399160,7056
1003,1406389,7062
1004,1388572,7067
1005,1385771,7073
1006,1383175,7078
1007,1357350,7083
1008,1407109,7087
1009,1390324,7094
1010,1483211,7100
1011,1407834,7106
1012,1407398,7111
1013,1473560,7117
1014,2073224,7122
1015,1448591,7127
1016,1515009,7131
1017,1438537,7137
1018,1461131,7142
1019,1519719,7147
1020,1525870,7151
1021,1542571,7156
1022,1452874,7160
1023,1536498,7164
1024,1501374,7167
1025,1511568,7180
1026,1504682,7192
1027,1584599,7204
1028,1460005,7215
1029,1537096,7227
1030,1415123,7238
1031,1468105,7249
1032,1437729,7259
1033,1464237,7271
1034,2060968,7282
1035,1889825,7293
1036,1922066,7303
1037,1924595,7314
1038,1998173,7324
1039,1938240,7334
1040,1880273,7343
1041,1860324,7355
1042,1884507,7366
1043,1880629,7377
1044,1938361,7387
1045,1888151,7398
1046,1871645,7408
1047,1710113,7418
1048,1541333,7427
1049,1576384,7438
1050,1524382,7448
1051,1922724,7458
1052,1568656,7467
1053,1431068,7477
1054,1483612,7486
1055,1462498,7495
1056,1490473,7503
1057,1887658,7515
1058,1912191,7526
1059,1945389,7537
1060,1891928,7547
1061,1929062,7558
1062,1936881,7568
1063,1845943,7578
1064,1847708,7587
1065,1806234,7598
1066,1580100,7608
1067,1516496,7618
1068,1519966,7627
1069,1516243,7637
1070,1554054,7646
1071,1572748,7655
1072,1576072,7663
1073,1901911,7674
1074,1844628,7684
1075,1899392,7694
1076,2035737,7703
1077,2827007,7713
1078,2028739,7722
1079,1635201,7731
1080,1618736,7739
1081,1584042,7749
1082,1626826,7758
1083,1967052,7767
1084,2010508,7775
1085,2044269,7784
1086,2044416,7792
1087,1944895,7800
1088,1790084,7807
1089,1935116,7819
1090,2122118,7830
1091,1776437,7841
1092,1606109,7851
1093,1583264,7862
1094,1846193,7872
1095,1814772,7882
1096,1858691,7891
1097,1876129,7902
1098,1857727,7912
1099,1907553,7922
1100,1788150,7931
1101,1930994,7941
1102,1816454,7950
1103,1834159,7959
1104,1811876,7967
1105,1854859,7978
1106,1876214,7988
1107,2019777,7998
1108,3357173,8007
1109,2311424,8017
1110,1927510,8026
1111,1974458,8035
1112,1959507,8043
1113,2061204,8053
1114,2034950,8062
1115,1986351,8071
1116,4130416,8079
1117,2810262,8088
1118,3922819,8096
1119,3860888,8104
1120,4317766,8111
1121,5245244,8122
1122,3471221,8132
1123,4374258,8142
1124,4838770,8151
1125,2432069,8161
1126,2568453,8170
1127,2490491,8179
1128,2425036,8187
1129,2197756,8197
1130,4507126,8206
1131,3841966,8215
1132,2568829,8223
1133,3443492,8232
1134,2816291,8240
1135,2855146,8248
1136,2970170,8255
1137,2854965,8265
1138,2873421,8274
1139,2640877,8283
1140,2876583,8291
1141,2751107,8300
1142,2765820,8308
1143,3867731,8316
1144,5042134,8323
1145,4940946,8332
1146,4571271,8340
1147,2526660,8348
1148,2621238,8355
1149,2573635,8363
1150,2465550,8370
1151,2528494,8377
1152,2882481,8383
1153,2627508,8395
1154,2457682,8406
1155,2701273,8417
1156,2664764,8427
1157,2648912,8438
1158,2477577,8448
1159,2578856,8458
1160,2629039,8467
1161,2505209,8478
1162,2508920,8488
1163,2608066,8498
1164,2614028,8507
1165,2542378,8517
1166,2379063,8526
1167,2462553,8535
1168,2463343,8543
1169,2487949,8554
1170,2459324,8564
1171,3768891,8574
1172,2851282,8583
1173,2633233,8593
1174,2593579,8602
1175,2513332,8611
1176,2499403,8619
1177,2481881,8629
1178,2491321,8638
1179,2447115,8647
1180,2446100,8655
1181,2322135,8664
1182,2372305,8672
1183,2414041,8680
1184,2386069,8687
1185,2412767,8698
1186,2401606,8708
1187,2311948,8718
1188,2321076,8727
1189,2841989,8737
1190,2553331,8746
1191,2656811,8755
1192,2485783,8763
1193,2520700,8773
1194,2435079,8782
1195,2968726,8791
1196,2396452,8799
1197,2455099,8808
1198,2815612,8816
1199,3651431,8824
1200,2326309,8831
1201,2415288,8841
1202,2407973,8850
1203,2391319,8859
1204,2371930,8867
1205,2269171,8876
1206,2368009,8884
1207,2742366,8892
1208,2337386,8899
1209,2522340,8908
1210,2437584,8916
1211,2879487,8924
1212,2382848,8931
1213,2686888,8939
1214,2447720,8946
1215,2434277,8953
1216,2372261,8959
1217,2376036,8970
1218,2413072,8980
1219,2550437,8990
1220,2405595,8999
1221,2864364,9009
1222,2835973,9018
1223,2735593,9027
1224,2539555,9035
1225,2553432,9045
1226,2020138,9054
1227,2072192,9063
1228,1993234,9071
1229,1924333,9080
1230,1965824,9088
1231,1908910,9096
1232,2283576,9103
1233,2424821,9113
1234,2425804,9122
1235,2491614,9131
1236,2410515,9139
1237,2301529,9148
1238,2463727,9156
1239,2940590,9164
1240,2340601,9171
1241,2468728,9180
1242,2338178,9188
1243,2288041,9196
1244,2349719,9203
1245,2224505,9211
1246,2253887,9218
1247,2228884,9225
1248,2223574,9231
1249,2207207,9241
1250,2186148,9250
1251,2187810,9259
1252,2159060,9267
1253,2144849,9276
1254,2146904,9284
1255,2143653,9292
1256,2079184,9299
1257,2055094,9308
1258,2147219,9316
1259,2152245,9324
1260,2262606,9331
1261,2114221,9339
1262,2156312,9346
1263,2113492,9353
1264,2162750,9359
1265,2144094,9368
1266,2187215,9376
1267,2446970,9384
1268,3201062,9391
1269,3376156,9399
1270,4306804,9406
1271,3364485,9413
1272,2623581,9419
1273,2443072,9427
1274,2306095,9434
1275,2310035,9441
1276,2332568,9447
1277,2356500,9454
1278,2628885,9460
1279,2347084,9466
1280,2349122,9471
1281,2377676,9483
1282,2427402,9494
1283,2416238,9505
1284,2630796,9515
1285,2242582,9526
1286,2254959,9536
1287,2700530,9546
1288,2829771,9555
1289,2470450,9566
1290,3302621,9576
1291,3226260,9586
1292,3243303,9595
1293,3102929,9605
1294,2896993,9614
1295,3424181,9623
1296,2596461,9631
1297,2610907,9642
1298,2520481,9652
1299,3563514,9662
1300,3154611,9671
1301,3198761,9681
1302,3228460,9690
1303,3300932,9699
1304,2930146,9707
1305,2600839,9717
1306,2555408,9726
1307,2387806,9735
1308,3013121,9743
1309,4645111,9752
1310,3455137,9760
1311,3476472,9768
1312,3608938,9775
1313,2824816,9786
1314,3502976,9796
1315,2772288,9806
1316,2678109,9815
1317,2797265,9825
1318,2742503,9834
1319,2759070,9843
1320,2693101,9851
1321,2608995,9861
1322,2564664,9870
1323,2571069,9879
1324,2604815,9887
1325,3146094,9896
1326,2801713,9904
1327,3157134,9912
1328,2823784,9919
1329,2719885,9929
1330,2806369,9938
1331,2787086,9947
1332,2688176,9955
1333,2846783,9964
1334,2715964,9972
1335,2678596,9980
1336,3436223,9987
1337,2641755,9996
1338,2729195,10004
1339,2616018,10012
1340,2550761,10019
1341,2627947,10027
1342,3382271,10034
1343,3159235,10041
1344,3081649,10047
1345,3232268,10058
1346,3203332,10068
1347,3125184,10078
1348,3040333,10087
1349,3010216,10097
1350,2971110,10106
1351,2943578,10115
1352,3031125,10123
1353,2990547,10133
1354,3080409,10142
1355,3772009,10151
1356,2772917,10159
1357,2660609,10168
1358,2689808,10176
1359,2712949,10184
1360,2729306,10191
1361,2773589,10201
1362,2763234,10210
1363,2721045,10219
1364,2662337,10227
1365,2734477,10236
1366,2718706,10244
1367,2863711,10252
1368,3374597,10259
1369,2866790,10268
1370,2730920,10276
1371,2719325,10284
1372,2627577,10291
1373,2612511,10299
1374,2511748,10306
1375,2460484,10313
1376,2531742,10319
1377,2485336,10329
1378,2499911,10338
1379,3568510,10347
1380,2451038,10355
1381,2476465,10364
1382,2472851,10372
1383,2435862,10380
1384,2343815,10387
1385,2892857,10396
1386,2549673,10404
1387,2548496,10412
1388,2944642,10419
1389,2617274,10427
1390,2599882,10434
1391,3162243,10441
1392,3648475,10447
1393,2784142,10456
1394,2566178,10464
1395,2593387,10472
1396,2584361,10479
1397,2467023,10487
1398,2507041,10494
1399,2514718,10501
1400,2449055,10507
1401,2560676,10515
1402,3290028,10522
1403,2586344,10529
1404,2576427,10535
1405,2583786,10542
1406,2576248,10548
1407,2817896,10554
1408,3186477,10559
1409,3087955,10570
1410,3102475,10580
1411,3066293,10590
1412,3223901,10599
1413,3053894,10609
1414,3033187,10618
1415,3099836,10627
1416,3344224,10635
1417,3125520,10645
1418,3072610,10654
1419,3195559,10663
1420,3018910,10671
1421,2897575,10680
1422,3092383,10688
1423,3130153,10696
1424,3548027,10703
1425,3968684,10713
1426,2745927,10722
1427,2820455,10731
1428,2676963,10739
1429,2521964,10748
1430,2632844,10756
1431,2541239,10764
1432,3167423,10771
1433,3046589,10780
1434,2843628,10788
1435,2750755,10796
1436,4189233,10803
1437,2939943,10811
1438,3038594,10818
1439,3002134,10825
1440,3332983,10831
1441,3005429,10841
1442,2883040,10850
1443,3178739,10859
1444,2792396,10867
1445,3479738,10876
1446,3716578,10884
1447,3581551,10892
1448,3019529,10899
1449,2898487,10908
1450,2873612,10916
1451,2938592,10924
1452,2810339,10931
1453,3462973,10939
1454,3397494,10946
1455,3443973,10953
1456,3396595,10959
1457,3336102,10968
1458,3289823,10976
1459,3274697,10984
1460,2774189,10991
1461,2682123,10999
1462,2811355,11006
1463,2704483,11013
1464,2628255,11019
1465,2653330,11027
1466,2661678,11034
1467,2697126,11041
1468,2603511,11047
1469,2056206,11054
1470,2924529,11060
1471,2178651,11066
1472,2124318,11071
1473,2111658,11081
1474,2124263,11090
1475,2685715,11099
1476,2644351,11107
1477,2651684,11116
1478,2575870,11124
1479,2545451,11132
1480,2733613,11139
1481,2934412,11148
1482,3006855,11156
1483,2822821,11164
1484,2948407,11171
1485,3039912,11179
1486,2998193,11186
1487,2441708,11193
1488,2481627,11199
1489,2432105,11208
1490,2479815,11216
1491,2410358,11224
1492,2562050,11231
1493,2448105,11239
1494,2465241,11246
1495,2476306,11253
1496,2454258,11259
1497,2477721,11267
1498,2443738,11274
1499,2673314,11281
1500,2441024,11287
1501,2372478,11294
1502,2328914,11300
1503,2375206,11306
1504,2351361,11311
1505,2501206,11320
1506,2453448,11328
1507,2472684,11336
1508,2463822,11343
1509,3241563,11351
1510,2671998,11358
1511,2824205,11365
1512,2684819,11371
1513,2627076,11379
1514,2594728,11386
1515,2609242,11393
1516,2612550,11399
1517,2840148,11406
1518,3555722,11412
1519,3648384,11418
1520,3552348,11423
1521,3324120,11431
1522,4814960,11438
1523,3642897,11445
1524,3930820,11451
1525,3959337,11458
1526,4113706,11464
1527,4096747,11470
1528,4060796,11475
1529,3179308,11482
1530,2704163,11488
1531,3373827,11494
1532,3294795,11499
1533,3263978,11505
1534,3235226,11510
1535,3205891,11515
1536,3159027,11519
1537,3362121,11531
1538,3212363,11542
1539,3251153,11553
1540,3431736,11563
1541,5298089,11574
1542,3476243,11584
1543,3441420,11594
1544,3501069,11603
1545,4262907,11614
1546,3549444,11624
1547,3417951,11634
1548,3394427,11643
1549,3453513,11653
1550,3685645,11662
1551,3126194,11671
1552,2698486,11679
1553,3116815,11690
1554,3513271,11700
1555,3436936,11710
1556,3236344,11719
1557,3189029,11729
1558,3146066,11738
1559,3164328,11747
1560,3112560,11755
1561,3311442,11765
1562,3150224,11774
1563,3159193,11783
1564,3066904,11791
1565,2981514,11800
1566,2996903,11808
1567,3078810,11816
1568,2875059,11823
1569,2841505,11834
1570,2988820,11844
1571,2921271,11854
1572,3521356,11863
1573,2919037,11873
1574,2960982,11882
1575,2945490,11891
1576,2892485,11899
1577,2380769,11909
1578,2581410,11918
1579,2344716,11927
1580,2925233,11935
1581,4151195,11944
1582,3075432,11952
1583,3462230,11960
1584,3950529,11967
1585,3686853,11977
1586,4672786,11986
1587,3338818,11995
1588,2803456,12003
1589,2894539,12012
1590,2950657,12020
1591,2946047,12028
1592,2984331,12035
1593,3099706,12044
1594,2994859,12052
1595,2873121,12060
1596,2309191,12067
1597,2249088,12075
1598,2293712,12082
1599,2197022,12089
1600,2202208,12095
1601,2180287,12106
1602,2175074,12116
1603,3343232,12126
1604,3361375,12135
1605,5144198,12145
1606,2825989,12154
1607,2646882,12163
1608,2724846,12171
1609,2700908,12181
1610,2747133,12190
1611,2700287,12199
1612,2964523,12207
1613,3423849,12216
1614,3389516,12224
1615,3351263,12232
1616,3294204,12239
1617,3110843,12249
1618,2631864,12258
1619,2674823,12267
1620,2718838,12275
1621,2665505,12284
1622,2738710,12292
1623,2692100,12300
1624,2675128,12307
1625,2642633,12316
1626,2652517,12324
1627,2679459,12332
1628,2719933,12339
1629,2995630,12347
1630,2625904,12354
1631,2630606,12361
1632,2615474,12367
1633,2601306,12377
1634,2598005,12386
1635,2123324,12395
1636,2075808,12403
1637,2089247,12412
1638,2071675,12420
1639,2056919,12428
1640,2066507,12435
1641,2086279,12444
1642,2884160,12452
1643,3108501,12460
1644,3118143,12467
1645,3222473,12475
1646,3164621,12482
1647,2766513,12489
1648,2611708,12495
1649,2603397,12504
1650,2590599,12512
1651,2608595,12520
1652,2575104,12527
1653,3245294,12535
1654,3027957,12542
1655,2738379,12549
1656,2752959,12555
1657,2757073,12563
1658,2883452,12570
1659,2866011,12577
1660,2891922,12583
1661,2681954,12590
1662,2714736,12596
1663,2699115,12602
1664,2699891,12607
1665,2631476,12618
1666,3526053,12628
1667,2997638,12638
1668,3606782,12647
1669,3679226,12657
1670,5144418,12666
1671,3342989,12675
1672,3040451,12683
1673,3170846,12693
1674,3240380,12702
1675,3271601,12711
1676,3995185,12719
1677,3827581,12728
1678,3068707,12736
1679,3087598,12744
1680,3036485,12751
1681,3022714,12761
1682,3222722,12770
1683,3105088,12779
1684,3032770,12787
1685,3088378,12796
1686,3133770,12804
1687,3248666,12812
1688,3145306,12819
1689,3059983,12828
1690,3057883,12836
1691,3051996,12844
1692,2928851,12851
1693,2946046,12859
1694,2956919,12866
1695,2930830,12873
1696,2912880,12879
1697,2986414,12889
1698,3801037,12898
1699,5177864,12907
1700,5125582,12915
1701,3040931,12924
1702,2800205,12932
1703,2795313,12940
1704,2757107,12947
1705,2723617,12956
1706,2757518,12964
1707,2701998,12972
1708,2807529,12979
1709,2816510,12987
1710,2828799,12994
1711,2839940,13001
1712,2808836,13007
1713,2723391,13016
1714,2781378,13024
1715,2815980,13032
1716,2796955,13039
1717,2738200,13047
1718,2770591,13054
1719,2711862,13061
1720,2768307,13067
1721,2889442,13075
1722,3406834,13082
1723,3295489,13089
1724,3055227,13095
1725,3040014,13102
1726,3051100,13108
1727,3094748,13114
1728,2865877,13119
1729,2642781,13129
1730,2619575,13138
1731,2716399,13147
1732,2731968,13155
1733,3437246,13164
1734,3269713,13172
1735,2714067,13180
1736,2754114,13187
1737,2825534,13196
1738,2666614,13204
1739,2804634,13212
1740,2720143,13219
1741,2701063,13227
1742,2612546,13234
1743,2836908,13241
1744,2631300,13247
1745,2847555,13256
1746,2823821,13264
1747,2870105,13272
1748,2771941,13279
1749,2720219,13287
1750,2741650,13294
1751,2685174,13301
1752,2665612,13307
1753,2650226,13315
1754,2655787,13322
1755,2661774,13329
1756,2799523,13335
1757,3158919,13342
1758,3682391,13348
1759,3601502,13354
1760,3411743,13359
1761,3259960,13368
1762,3390158,13376
1763,3255599,13384
1764,3137873,13391
1765,2856555,13399
1766,2913683,13406
1767,2595864,13413
1768,2611577,13419
1769,2649908,13427
1770,2957855,13434
1771,2678461,13441
1772,2701081,13447
1773,2591386,13454
1774,2609088,13460
1775,2625972,13466
1776,2920199,13471
1777,3334379,13479
1778,3349707,13486
1779,2849165,13493
1780,2775930,13499
1781,2808467,13506
1782,3424287,13512
1783,3582200,13518
1784,3479347,13523
1785,3408384,13530
1786,3474589,13536
1787,3464654,13542
1788,3462813,13547
1789,4532408,13553
1790,4531861,13558
1791,2887994,13563
1792,2699374,13567
1793,2744389,13578
1794,3316958,13588
1795,2875613,13598
1796,2939561,13607
1797,2906205,13617
1798,2942534,13626
1799,4662314,13635
1800,6273663,13643
1801,6799919,13653
1802,4458575,13662
1803,3223106,13671
1804,3289633,13679
1805,3430358,13688
1806,3477094,13696
1807,4299348,13704
1808,3579840,13711
1809,3501127,13721
1810,3485439,13730
1811,3154459,13739
1812,2981643,13747
1813,2812298,13756
1814,2996237,13764
1815,2799735,13772
1816,2842009,13779
1817,3127344,13788
1818,4542585,13796
1819,4776588,13804
1820,4540308,13811
1821,4444775,13819
1822,4597873,13826
1823,4586046,13833
1824,4302435,13839
1825,4330522,13849
1826,5019027,13858
1827,4224726,13867
1828,4360333,13875
1829,4200944,13884
1830,4351426,13892
1831,4430068,13900
1832,4457745,13907
1833,6576040,13916
1834,5954646,13924
1835,4841911,13932
1836,5360471,13939
1837,5217375,13947
1838,5143330,13954
1839,6559723,13961
1840,5718341,13967
1841,4418095,13976
1842,4618380,13984
1843,4440688,13992
1844,4497204,13999
1845,4476811,14007
1846,4281778,14014
1847,6678743,14021
1848,8772598,14027
1849,5705185,14035
1850,6313641,14042
1851,5649440,14049
1852,5899027,14055
1853,5185247,14062
1854,4671207,14068
1855,4668454,14074
1856,4723209,14079
1857,4595640,14089
1858,5407337,14098
1859,5216097,14107
1860,5456925,14115
1861,6100963,14124
1862,7763330,14132
1863,5665767,14140
1864,7918447,14147
1865,14265671,14156
1866,8641520,14164
1867,13576575,14172
1868,7836286,14179
1869,8710835,14187
1870,6780925,14194
1871,6945175,14201
1872,8261447,14207
1873,10095671,14216
1874,6453795,14224
1875,5192098,14232
1876,5252663,14239
1877,6349547,14247
1878,4701640,14254
1879,4776260,14261
1880,4752329,14267
1881,4930861,14275
1882,6062956,14282
1883,6213186,14289
1884,6057640,14295
1885,6106253,14302
1886,6123716,14308
1887,6018738,14314
1888,7218900,14319
1889,6509847,14328
1890,6593122,14336
1891,6220497,14344
1892,6233355,14351
1893,6995547,14359
1894,6033412,14366
1895,8252407,14373
1896,6842402,14379
1897,5108388,14387
1898,6329487,14394
1899,5688573,14401
1900,4968356,14407
1901,4791731,14414
1902,4599003,14420
1903,5258421,14426
1904,5290018,14431
1905,6089881,14439
1906,4784533,14446
1907,5504792,14453
1908,4417861,14459
1909,4591032,14466
1910,4665427,14472
1911,4599727,14478
1912,4289852,14483
1913,5004103,14490
1914,4220523,14496
1915,4444605,14502
1916,4484086,14507
1917,4404691,14513
1918,4485200,14518
1919,5984836,14523
1920,5855157,14527
1921,4602620,14537
1922,5889738,14546
1923,5827681,14555
1924,6063527,14563
1925,6613555,14572
1926,7434192,14580
1927,5132396,14588
1928,4896375,14595
1929,7189808,14604
1930,6096133,14612
1931,5941325,14620
1932,8153840,14627
1933,7668858,14635
1934,5144231,14642
1935,5030235,14649
1936,6590911,14655
1937,5470478,14664
1938,7394617,14672
1939,4978547,14680
1940,4906963,14687
1941,5409045,14695
1942,6341731,14702
1943,6433238,14709
1944,6395669,14715
1945,6164184,14723
1946,6023952,14730
1947,7764308,14737
1948,7486134,14743
1949,5010233,14750
1950,4898082,14756
1951,4899467,14762
1952,5006303,14767
1953,6899317,14776
1954,5935163,14784
1955,4022410,14792
1956,3992738,14799
1957,3979696,14807
1958,4022921,14814
1959,3920190,14821
1960,3963297,14827
1961,5310308,14835
1962,5613363,14842
1963,4071083,14849
1964,5594468,14855
1965,5438687,14862
1966,5279357,14868
1967,5329671,14874
1968,6150567,14879
1969,7136373,14887
1970,6545567,14894
1971,7197767,14901
1972,5306070,14907
1973,6500368,14914
1974,6108432,14920
1975,6115455,14926
1976,5879647,14931
1977,5808626,14938
1978,5883135,14944
1979,5873664,14950
1980,5773361,14955
1981,5744673,14961
1982,5704412,14966
1983,6930985,14971
1984,6522902,14975
1985,5837788,14984
1986,7853560,14992
1987,5447267,15000
1988,4759949,15007
1989,8338575,15015
1990,7382984,15022
1991,6274926,15029
1992,5732378,15035
1993,3975243,15043
1994,4041720,15050
1995,3837353,15057
1996,6068754,15063
1997,4889869,15070
1998,4635639,15076
1999,4621684,15082
2000,4612341,15087
2001,4665659,15095
2002,5378349,15102
2003,6428972,15109
2004,6121455,15115
2005,5979537,15122
2006,5776171,15128
2007,5472557,15134
2008,6471447,15139
2009,8918177,15146
2010,6948694,15152
2011,6500666,15158
2012,5301508,15163
2013,5139955,15169
2014,5227404,15174
2015,6798038,15179
2016,6085247,15183
2017,6023371,15191
2018,5948326,15198
2019,5763118,15205
2020,4877480,15211
2021,4702926,15218
2022,4729131,15224
2023,4558494,15230
2024,4742724,15235
2025,5003614,15242
2026,5814290,15248
2027,5172371,15254
2028,6679229,15259
2029,4511855,15265
2030,4413058,15270
2031,4493464,15275
2032,4501262,15279
2033,4437391,15286
2034,7034278,15292
2035,5505302,15298
2036,4648149,15303
2037,4346034,15309
2038,4270312,15314
2039,4220301,15319
2040,4294371,15323
2041,3546562,15329
2042,3377117,15334
2043,3344083,15339
2044,3381902,15343
2045,3296553,15348
2046,3157329,15352
2047,3804073,15356
2048,3993431,15359
2049,4086482,15373
2050,3993027,15386
2051,3927006,15399
2052,3960390,15411
2053,4614491,15424
2054,4095464,15436
2055,3192236,15448
2056,4066096,15459
2057,5774116,15472
2058,5419992,15484
2059,5205599,15496
2060,4263242,15507
2061,4421784,15519
2062,4411037,15530
2063,4990405,15541
2064,5677350,15551
2065,5206117,15564
2066,5061229,15576
2067,5014314,15588
2068,4992460,15599
2069,5117836,15611
2070,7441248,15622
2071,4714963,15633
2072,4689887,15643
2073,6795132,15655
2074,6870192,15666
2075,5824281,15677
2076,4708700,15687
2077,3975194,15698
2078,4009413,15708
2079,5492198,15718
2080,4119974,15727
2081,4070240,15740
2082,4222129,15752
2083,4239776,15764
2084,5200841,15775
2085,4684128,15787
2086,5261238,15798
2087,4815553,15809
2088,5028884,15819
2089,4223197,15831
2090,4131097,15842
2091,4080566,15853
2092,5767846,15863
2093,5845162,15874
2094,4357267,15884
2095,4157981,15894
2096,4009481,15903
2097,4094784,15915
2098,4094728,15926
2099,4321775,15937
2100,4183348,15947
2101,4093978,15958
2102,4125489,15968
2103,4183473,15978
2104,4050666,15987
2105,4115953,15998
2106,4362598,16008
2107,4757138,16018
2108,4025023,16027
2109,4057847,16037
2110,4156625,16046
2111,3734432,16055
2112,3791373,16063
2113,3753655,16076
2114,4069093,16088
2115,4481901,16100
2116,3809257,16111
2117,3753899,16123
2118,3959148,16134
2119,3828443,16145
2120,3670282,16155
2121,3591197,16167
2122,3656446,16178
2123,4793344,16189
2124,3872257,16199
2125,3869851,16210
2126,3871296,16220
2127,4298710,16230
2128,4015166,16239
2129,4187770,16251
2130,4100906,16262
2131,4039753,16273
2132,4023544,16283
2133,4489792,16294
2134,3979817,16304
2135,3918151,16314
2136,3983550,16323
2137,4090784,16334
2138,4261930,16344
2139,3977143,16354
2140,3980252,16363
2141,4777285,16373
2142,4675218,16382
2143,4589068,16391
2144,4567114,16399
2145,4543868,16411
2146,4466942,16422
2147,4358009,16433
2148,4592503,16443
2149,5097048,16454
2150,5131078,16464
2151,4699535,16474
2152,4392041,16483
2153,4578095,16494
2154,4724510,16504
2155,4487520,16514
2156,3083835,16523
2157,3074514,16533
2158,3096684,16542
2159,3051544,16551
2160,3067157,16559
2161,2984607,16570
2162,2904658,16580
2163,4010383,16590
2164,4588377,16599
2165,5452043,16609
2166,5670838,16618
2167,4873479,16627
2168,4946551,16635
2169,4661156,16645
2170,4323745,16654
2171,4548260,16663
2172,4933174,16671
2173,3640249,16680
2174,3688112,16688
2175,3712696,16696
2176,3627070,16703
2177,4873948,16716
2178,4320730,16728
2179,4437760,16740
2180,4330977,16751
2181,4311310,16763
2182,4680849,16774
2183,4356142,16785
2184,4615927,16795
2185,4506770,16807
2186,4449612,16818
2187,4484081,16829
2188,3644434,16839
2189,3353408,16850
2190,3382578,16860
2191,3508019,16870
2192,3404033,16879
2193,3247068,16891
2194,3209621,16902
2195,3262899,16913
2196,3410625,16923
2197,4209666,16934
2198,3494312,16944
2199,3605830,16954
2200,3665296,16963
2201,3481022,16974
2202,3482442,16984
2203,3407223,16994
2204,3514611,17003
2205,3565654,17013
2206,3613477,17022
2207,3918345,17031
2208,4252120,17039
2209,4028823,17051
2210,3793213,17062
2211,3666909,17073
2212,3610648,17083
2213,3698784,17094
2214,3555930,17104
2215,4375002,17114
2216,3810838,17123
2217,3927499,17134
2218,3702483,17144
2219,3697018,17154
2220,3692130,17163
2221,3765506,17173
2222,3567118,17182
2223,3477250,17191
2224,3554281,17199
2225,3872250,17210
2226,3833485,17220
2227,4044639,17230
2228,3829176,17239
2229,3859469,17249
2230,3677419,17258
2231,3661319,17267
2232,3660945,17275
2233,3608023,17285
2234,4040132,17294
2235,4893666,17303
2236,6963689,17311
2237,6925976,17320
2238,3783954,17328
2239,3804495,17336
2240,3988836,17343
2241,3997317,17355
2242,3837229,17366
2243,3867879,17377
2244,3769993,17387
2245,3937675,17398
2246,3782509,17408
2247,3884060,17418
2248,3696621,17427
2249,3833127,17438
2250,5252415,17448
2251,4684504,17458
2252,4877843,17467
2253,4856092,17477
2254,4484480,17486
2255,3690647,17495
2256,3707832,17503
2257,3831907,17514
2258,3896720,17524
2259,3708016,17534
2260,4331422,17543
2261,4294669,17553
2262,4570164,17562
2263,4451672,17571
2264,3920376,17579
2265,4905334,17589
2266,4841885,17598
2267,4755338,17607
2268,4813597,17615
2269,4926359,17624
2270,4639657,17632
2271,4503060,17640
2272,5155922,17647
2273,6733954,17658
2274,6740098,17668
2275,3762360,17678
2276,3825280,17687
2277,3796332,17697
2278,3696338,17706
2279,3804794,17715
2280,3986057,17723
2281,5121837,17733
2282,5303879,17742
2283,4788696,17751
2284,4070398,17759
2285,5549503,17768
2286,4623613,17776
2287,4599269,17784
2288,4687424,17791
2289,4692835,17801
2290,4610277,17810
2291,5207813,17819
2292,4898927,17827
2293,4707014,17836
2294,5410822,17844
2295,4081469,17852
2296,4029658,17859
2297,4019511,17868
2298,4123637,17876
2299,3927275,17884
2300,3973778,17891
2301,4025960,17899
2302,4930094,17906
2303,3854050,17913
2304,3931487,17919
2305,3776558,17932
2306,4255095,17944
2307,4822209,17956
2308,4602973,17967
2309,5149707,17979
2310,3839361,17990
2311,3789853,18001
2312,3827026,18011
2313,3789437,18023
2314,3730119,18034
2315,3883232,18045
2316,3808113,18055
2317,4331590,18066
2318,4544011,18076
2319,4197866,18086
2320,4094552,18095
2321,4084987,18107
2322,4079875,18118
2323,4161961,18129
2324,4205427,18139
2325,4161557,18150
2326,5336664,18160
2327,5060491,18170
2328,4909978,18179
2329,4580300,18190
2330,4612947,18200
2331,4958993,18210
2332,4344241,18219
2333,5244979,18229
2334,4910818,18238
2335,4667556,18247
2336,4636466,18255
2337,4900378,18267
2338,4600924,18278
2339,4652270,18289
2340,4638515,18299
2341,4944212,18310
2342,4449806,18320
2343,4511764,18330
2344,4348323,18339
2345,4233282,18350
2346,4252660,18360
2347,4744310,18370
2348,4856600,18379
2349,4435604,18389
2350,4387646,18398
2351,4230861,18407
2352,4253341,18415
2353,4202811,18426
2354,4164728,18436
2355,4328668,18446
2356,4220556,18455
2357,4367224,18465
2358,4253841,18474
2359,4229800,18483
2360,4207014,18491
2361,4303845,18501
2362,4831023,18510
2363,5106195,18519
2364,4507207,18527
2365,4969169,18536
2366,5770434,18544
2367,5184220,18552
2368,5212928,18559
2369,5289659,18571
2370,5738511,18582
2371,6654359,18593
2372,5838017,18603
2373,5741491,18614
2374,4484600,18624
2375,4811587,18634
2376,4858524,18643
2377,5853552,18654
2378,5767614,18664
2379,5757986,18674
2380,5763917,18683
2381,5850404,18693
2382,5317603,18702
2383,4755510,18711
2384,4563902,18719
2385,4681829,18730
2386,4551461,18740
2387,4537256,18750
2388,5098433,18759
2389,4994918,18769
2390,4783480,18778
2391,4683772,18787
2392,4963833,18795
2393,5247830,18805
2394,5205749,18814
2395,5617596,18823
2396,6209442,18831
2397,5144008,18840
2398,5094381,18848
2399,4780589,18856
2400,4596384,18863
2401,5973854,18874
2402,6365370,18884
2403,5322011,18894
2404,5119996,18903
2405,4986874,18913
2406,4818988,18922
2407,4840590,18931
2408,5116731,18939
2409,5583868,18949
2410,5016698,18958
2411,4827830,18967
2412,5135519,18975
2413,5779690,18984
2414,5754252,18992
2415,5667211,19000
2416,4400199,19007
2417,4367376,19017
2418,4509078,19026
2419,4433432,19035
2420,4387760,19043
2421,4310138,19052
2422,4970018,19060
2423,4268495,19068
2424,4272799,19075
2425,4394744,19084
2426,4077263,19092
2427,4274152,19100
2428,4209845,19107
2429,4461158,19115
2430,4716413,19122
2431,4264146,19129
2432,4234722,19135
2433,4457776,19147
2434,4438020,19158
2435,4185412,19169
2436,4152450,19179
2437,4227578,19190
2438,5116753,19200
2439,5539375,19210
2440,4539728,19219
2441,4110439,19230
2442,3985080,19240
2443,3933196,19250
2444,3910543,19259
2445,4088319,19269
2446,4329889,19278
2447,4601928,19287
2448,4035715,19295
2449,4037728,19306
2450,4040669,19316
2451,4768465,19326
2452,4700023,19335
2453,4815053,19345
2454,5107649,19354
2455,5218889,19363
2456,4114083,19371
2457,3688768,19381
2458,3311852,19390
2459,3281428,19399
2460,3302558,19407
2461,3834162,19416
2462,4618437,19424
2463,5267797,19432
2464,4697815,19439
2465,4950363,19450
2466,4788178,19460
2467,5220822,19470
2468,4854166,19479
2469,4845620,19489
2470,4879471,19498
2471,4720174,19507
2472,4221245,19515
2473,4184629,19525
2474,4186034,19534
2475,5197600,19543
2476,4652841,19551
2477,4563487,19560
2478,4643030,19568
2479,4460075,19576
2480,4284923,19583
2481,4321079,19593
2482,4197280,19602
2483,4222791,19611
2484,4264622,19619
2485,4876128,19628
2486,5302027,19636
2487,5376879,19644
2488,5126365,19651
2489,4268214,19660
2490,7097853,19668
2491,7099386,19676
2492,4963347,19683
2493,4960493,19691
2494,4982332,19698
2495,4907715,19705
2496,5018525,19711
2497,6497326,19722
2498,4976264,19732
2499,4988422,19742
2500,5556684,19751
2501,6259255,19761
2502,6956139,19770
2503,6578205,19779
2504,5591064,19787
2505,5421463,19797
2506,5073799,19806
2507,5102769,19815
2508,5141019,19823
2509,5124742,19832
2510,5275248,19840
2511,5048779,19848
2512,4824042,19855
2513,4845976,19865
2514,4765795,19874
2515,4740622,19883
2516,4934879,19891
2517,4832018,19900
2518,4770511,19908
2519,4659318,19916
2520,4712962,19923
2521,4658075,19932
2522,5028395,19940
2523,5813731,19948
2524,6092278,19955
2525,5599718,19963
2526,5606064,19970
2527,5606739,19977
2528,5435942,19983
2529,5357922,19993
2530,5430668,20002
2531,5940949,20011
2532,4674150,20019
2533,4386083,20028
2534,4340471,20036
2535,4979337,20044
2536,5352006,20051
2537,4646216,20060
2538,5163499,20068
2539,5096216,20076
2540,5047994,20083
2541,5507778,20091
2542,8872550,20098
2543,6556378,20105
2544,6581994,20111
2545,6519365,20120
2546,6374852,20128
2547,8265588,20136
2548,9815581,20143
2549,10261599,20151
2550,10028902,20158
2551,5494013,20165
2552,5357859,20171
2553,5463056,20179
2554,5327145,20186
2555,5299435,20193
2556,8749233,20199
2557,8273478,20206
2558,8243670,20212
2559,8689436,20218
2560,8966465,20223
2561,5473111,20236
2562,5820235,20248
2563,6142026,20260
2564,5772081,20271
2565,7143866,20283
2566,6216165,20294
2567,5585655,20305
2568,5689053,20315
2569,5754821,20327
2570,5797267,20338
2571,6008366,20349
2572,5682942,20359
2573,5657599,20370
2574,5619203,20380
2575,5377342,20390
2576,5396363,20399
2577,5960123,20411
2578,6654116,20422
2579,6052014,20433
2580,5921386,20443
2581,5695926,20454
2582,5853332,20464
2583,6716553,20474
2584,5824344,20483
2585,6382668,20494
2586,5236493,20504
2587,5540726,20514
2588,6184259,20523
2589,7101221,20533
2590,6578833,20542
2591,6716362,20551
2592,5312369,20559
2593,5339971,20571
2594,5848450,20582
2595,5822477,20593
2596,6319409,20603
2597,6176538,20614
2598,6111958,20624
2599,5878281,20634
2600,5941875,20643
2601,5744475,20654
2602,5730078,20664
2603,5761966,20674
2604,5511650,20683
2605,5653830,20693
2606,5619836,20702
2607,5395037,20711
2608,5645459,20719
2609,5004303,20730
2610,6903473,20740
2611,8644693,20750
2612,8615566,20759
2613,5995602,20769
2614,7200300,20778
2615,6181963,20787
2616,8451704,20795
2617,6886226,20805
2618,7617511,20814
2619,6226917,20823
2620,6966870,20831
2621,7238871,20840
2622,6931814,20848
2623,6945606,20856
2624,6368242,20863
2625,4918298,20875
2626,5678420,20886
2627,5686765,20897
2628,5445122,20907
2629,5313455,20918
2630,5289935,20928
2631,5321075,20938
2632,5986368,20947
2633,5241606,20958
2634,5081939,20968
2635,5138395,20978
2636,5628785,20987
2637,5281328,20997
2638,5463000,21006
2639,6412212,21015
2640,5439224,21023
2641,5250663,21034
2642,5148726,21044
2643,4959651,21054
2644,4895292,21063
2645,5587748,21073
2646,4990353,21082
2647,4774631,21091
2648,4850987,21099
2649,4784210,21109
2650,4593726,21118
2651,4779766,21127
2652,5124032,21135
2653,4832476,21144
2654,4899608,21152
2655,4939272,21160
2656,4631933,21167
2657,5223329,21178
2658,8118422,21188
2659,5720207,21198
2660,5066671,21207
2661,5130219,21217
2662,4927616,21226
2663,5104737,21235
2664,5643429,21243
2665,4849805,21253
2666,4198247,21262
2667,4705011,21271
2668,4608834,21279
2669,4504227,21288
2670,4562164,21296
2671,4471225,21304
2672,5674976,21311
2673,5331105,21321
2674,4815381,21330
2675,4759744,21339
2676,4596448,21347
2677,4622299,21356
2678,4655782,21364
2679,5408870,21372
2680,4469235,21379
2681,4567343,21388
2682,4417163,21396
2683,4472190,21404
2684,4511906,21411
2685,4835570,21419
2686,6570936,21426
2687,6402507,21433
2688,6229998,21439
2689,5819175,21451
2690,4760925,21462
2691,4558955,21473
2692,4575680,21483
2693,4335116,21494
2694,4626939,21504
2695,4678255,21514
2696,4696137,21523
2697,4593762,21534
2698,4516194,21544
2699,5153988,21554
2700,5110842,21563
2701,5720986,21573
2702,5662508,21582
2703,5776480,21591
2704,5852830,21599
2705,5590847,21610
2706,5754906,21620
2707,5840554,21630
2708,5746812,21639
2709,4370742,21649
2710,4513876,21658
2711,4457019,21667
2712,5242373,21675
2713,5562877,21685
2714,5546184,21694
2715,6068275,21703
2716,6369408,21711
2717,5661767,21720
2718,5219867,21728
2719,5536784,21736
2720,5063572,21743
2721,4548826,21754
2722,4379291,21764
2723,4230834,21774
2724,4430945,21783
2725,4229675,21793
2726,4864139,21802
2727,4669053,21811
2728,4314381,21819
2729,4292561,21829
2730,4249877,21838
2731,4411720,21847
2732,4280412,21855
2733,4850558,21864
2734,4867748,21872
2735,4573512,21880
2736,4523383,21887
2737,4449096,21897
2738,4542483,21906
2739,4426360,21915
2740,4432521,21923
2741,5086029,21932
2742,5012420,21940
2743,4925834,21948
2744,5754979,21955
2745,6068514,21964
2746,5960885,21972
2747,5223029,21980
2748,4816770,21987
2749,4886186,21995
2750,5450052,22002
2751,5177236,22009
2752,5619547,22015
2753,4951035,22026
2754,7209733,22036
2755,6133144,22046
2756,6118498,22055
2757,5987927,22065
2758,6571424,22074
2759,5717151,22083
2760,5621171,22091
2761,5075501,22101
2762,5134965,22110
2763,5186476,22119
2764,4993761,22127
2765,5102434,22136
2766,5952993,22144
2767,5418242,22152
2768,5139211,22159
2769,5347769,22169
2770,5086656,22178
2771,5204607,22187
2772,6051743,22195
2773,5371105,22204
2774,5603555,22212
2775,6483453,22220
2776,5210829,22227
2777,5449205,22236
2778,6106856,22244
2779,5278094,22252
2780,5365269,22259
2781,5210770,22267
2782,5234421,22274
2783,5183418,22281
2784,5131883,22287
2785,5141911,22297
2786,6164700,22306
2787,6261156,22315
2788,6396671,22323
2789,6055623,22332
2790,6185247,22340
2791,6216405,22348
2792,5819516,22355
2793,5230634,22364
2794,5049171,22372
2795,4889847,22380
2796,10032691,22387
2797,7234357,22395
2798,7000555,22402
2799,14996068,22409
2800,9031987,22415
2801,10625165,22424
2802,9176167,22432
2803,9283649,22440
2804,9204976,22447
2805,8689060,22455
2806,8332531,22462
2807,8752558,22469
2808,10589070,22475
2809,9587609,22483
2810,9353271,22490
2811,9864749,22497
2812,9248064,22503
2813,9603291,22510
2814,8041423,22516
2815,7703784,22522
2816,7470989,22527
2817,7491121,22539
2818,7659328,22550
2819,6978061,22561
2820,7030495,22571
2821,6510338,22582
2822,6276388,22592
2823,7288326,22602
2824,6585628,22611
2825,6195886,22622
2826,6197148,22632
2827,6150339,22642
2828,5903843,22651
2829,7111031,22661
2830,8611584,22670
2831,8472211,22679
2832,8315525,22687
2833,7136696,22698
2834,7013733,22708
2835,6895521,22718
2836,6609229,22727
2837,8068489,22737
2838,10001308,22746
2839,5599855,22755
2840,5481775,22763
2841,5930747,22773
2842,5365362,22782
2843,5734007,22791
2844,5372912,22799
2845,5756996,22808
2846,5441602,22816
2847,5097897,22824
2848,5324288,22831
2849,6970652,22842
2850,5738250,22852
2851,5332485,22862
2852,5575350,22871
2853,5992599,22881
2854,5737084,22890
2855,6071583,22899
2856,6187802,22907
2857,5940939,22917
2858,5807382,22926
2859,5791584,22935
2860,5155455,22943
2861,4578313,22952
2862,5345917,22960
2863,4654046,22968
2864,3917595,22975
2865,4361457,22985
2866,4523407,22994
2867,4996695,23003
2868,4567013,23011
2869,4051423,23020
2870,4638565,23028
2871,4350412,23036
2872,4373608,23043
2873,4293507,23052
2874,4242704,23060
2875,5290795,23068
2876,6957044,23075
2877,5233341,23083
2878,4962259,23090
2879,4734594,23097
2880,4684923,23103
2881,4579040,23114
2882,4619917,23124
2883,4904914,23134
2884,4460144,23143
2885,4549001,23153
2886,4546478,23162
2887,4575139,23171
2888,4415606,23179
2889,4291911,23189
2890,6003986,23198
2891,4977721,23207
2892,4843270,23215
2893,5787366,23224
2894,5809298,23232
2895,5774093,23240
2896,5644627,23247
2897,4545809,23257
2898,4578629,23266
2899,4882789,23275
2900,4675206,23283
2901,4794408,23292
2902,4881233,23300
2903,4601516,23308
2904,4441452,23315
2905,4709612,23324
2906,4871720,23332
2907,4976040,23340
2908,4990474,23347
2909,4841796,23355
2910,5960221,23362
2911,5233106,23369
2912,4935719,23375
2913,4852834,23385
2914,4834394,23394
2915,4680182,23403
2916,4604603,23411
2917,4850801,23420
2918,5962508,23428
2919,5727256,23436
2920,6215534,23443
2921,5475074,23452
2922,5133067,23460
2923,4785237,23468
2924,6315812,23475
2925,6018482,23483
2926,5719880,23490
2927,6063561,23497
2928,9481714,23503
2929,7539788,23512
2930,5212979,23520
2931,5428755,23528
2932,5440681,23535
2933,5343278,23543
2934,5216650,23550
2935,5527492,23557
2936,4337752,23563
2937,4224573,23571
2938,4337519,23578
2939,6219782,23585
2940,6179685,23591
2941,6350360,23598
2942,6227694,23604
2943,6164363,23610
2944,6035590,23615
2945,5870021,23626
2946,5822672,23636
2947,6397604,23646
2948,6008375,23655
2949,5489466,23665
2950,5399361,23674
2951,5315896,23683
2952,5364372,23691
2953,5238395,23701
2954,5206170,23710
2955,5129988,23719
2956,5270987,23727
2957,5188018,23736
2958,5187728,23744
2959,5706814,23752
2960,5007254,23759
2961,6163935,23769
2962,6097777,23778
2963,6171285,23787
2964,5947169,23795
2965,4966792,23804
2966,4633818,23812
2967,4678406,23820
2968,4565357,23827
2969,4865009,23836
2970,4579313,23844
2971,4621050,23852
2972,5264210,23859
2973,4880090,23867
2974,5107690,23874
2975,5052699,23881
2976,8251293,23887
2977,12390411,23897
2978,10245252,23906
2979,12872034,23915
2980,10575337,23923
2981,8618342,23932
2982,9267582,23940
2983,9325486,23948
2984,8979673,23955
2985,8112988,23964
2986,7656458,23972
2987,7259854,23980
2988,7877346,23987
2989,8327800,23995
2990,7881207,24002
2991,7557866,24009
2992,9890090,24015
2993,8329104,24024
2994,7649423,24032
2995,6079935,24040
2996,6084034,24047
2997,6430065,24055
2998,6348068,24062
2999,6818738,24069
3000,6086179,24075
3001,5966630,24083
3002,7078484,24090
3003,6729339,24097
3004,7021466,24103
3005,7216169,24110
3006,5538774,24116
3007,4363332,24122
3008,4300903,24127
3009,4344918,24137
3010,4469753,24146
3011,4931243,24155
3012,4559583,24163
3013,5060031,24172
3014,5632802,24180
3015,6383270,24188
3016,6469891,24195
3017,6218302,24204
3018,6594713,24212
3019,5977366,24220
3020,5599765,24227
3021,5389640,24235
3022,5442109,24242
3023,5204592,24249
3024,5566877,24255
3025,5394207,24264
3026,6100761,24272
3027,5507192,24280
3028,5475662,24287
3029,5418809,24295
3030,5280226,24302
3031,5222344,24309
3032,5185721,24315
3033,6910358,24323
3034,7197050,24330
3035,5417152,24337
3036,5336268,24343
3037,5224795,24350
3038,5268729,24356
3039,6239221,24362
3040,5499568,24367
3041,5538779,24376
3042,5219425,24384
3043,5211119,24392
3044,5102604,24399
3045,4993647,24407
3046,4686026,24414
3047,5150593,24421
3048,4950904,24427
3049,5112621,24435
3050,5021344,24442
3051,5001819,24449
3052,5133824,24455
3053,4556079,24462
3054,4648531,24468
3055,5831913,24474
3056,5823883,24479
3057,5780310,24487
3058,6026446,24494
3059,5978713,24501
3060,5996949,24507
3061,5971850,24514
3062,6182843,24520
3063,7514396,24526
3064,5356347,24531
3065,5325208,24538
3066,5330761,24544
3067,5200094,24550
3068,5054146,24555
3069,5945908,24561
3070,5861686,24566
3071,4728254,24571
3072,4976898,24575
3073,4607518,24588
3074,4662008,24600
3075,4968305,24612
3076,4975270,24623
3077,5064068,24635
3078,5149637,24646
3079,6300903,24657
3080,6324391,24667
3081,6387208,24679
3082,6491091,24690
3083,7699646,24701
3084,5794842,24711
3085,6159955,24722
3086,5581091,24732
3087,6715883,24742
3088,6320647,24751
3089,5439759,24763
3090,5523012,24774
3091,5476972,24785
3092,5362539,24795
3093,6086897,24806
3094,5849326,24816
3095,5401333,24826
3096,6138150,24835
3097,6710245,24846
3098,6438512,24856
3099,6261371,24866
3100,5739583,24875
3101,7917836,24885
3102,5691472,24894
3103,5925262,24903
3104,6352924,24911
3105,6745297,24923
3106,6655017,24934
3107,10435482,24945
3108,9680731,24955
3109,5845721,24966
3110,6105431,24976
3111,6078300,24986
3112,7319068,24995
3113,7265425,25006
3114,7882969,25016
3115,6339049,25026
3116,5746343,25035
3117,5142936,25045
3118,6203196,25054
3119,8049024,25063
3120,6554152,25071
3121,6985800,25082
3122,6262910,25092
3123,5898390,25102
3124,5894189,25111
3125,7909486,25121
3126,7382257,25130
3127,7143230,25139
3128,7100957,25147
3129,7774387,25157
3130,8300461,25166
3131,8156020,25175
3132,4964909,25183
3133,4904787,25192
3134,5731411,25200
3135,6320532,25208
3136,5837028,25215
3137,5900269,25227
3138,6642570,25238
3139,8016396,25249
3140,6363264,25259
3141,7506715,25270
3142,6549069,25280
3143,6576173,25290
3144,6791217,25299
3145,8128396,25310
3146,7133202,25320
3147,6611450,25330
3148,6461596,25339
3149,6311100,25349
3150,6338990,25358
3151,7062850,25367
3152,6497987,25375
3153,6308904,25386
3154,6359838,25396
3155,6999104,25406
3156,6987825,25415
3157,6257132,25425
3158,6285901,25434
3159,6006363,25443
3160,6973806,25451
3161,6250936,25461
3162,5948163,25470
3163,6331794,25479
3164,5839925,25487
3165,6085044,25496
3166,6295260,25504
3167,5803515,25512
3168,5890314,25519
3169,5718642,25530
3170,5842079,25540
3171,6177833,25550
3172,7245215,25559
3173,6309385,25569
3174,7626101,25578
3175,5908002,25587
3176,6783610,25595
3177,7048671,25605
3178,8095448,25614
3179,7711156,25623
3180,7035589,25631
3181,6020716,25640
3182,5341977,25648
3183,5284135,25656
3184,5126500,25663
3185,5165609,25673
3186,5081141,25682
3187,5790035,25691
3188,5098529,25699
3189,5196595,25708
3190,5078221,25716
3191,6075064,25724
3192,6097431,25731
3193,6066869,25740
3194,5105962,25748
3195,4855013,25756
3196,4528292,25763
3197,4082763,25771
3198,4077393,25778
3199,4118112,25785
3200,4895674,25791
3201,7234154,25803
3202,7332579,25814
3203,4793569,25825
3204,4918273,25835
3205,4653925,25846
3206,4652990,25856
3207,6084064,25866
3208,5710412,25875
3209,5687913,25886
3210,5740958,25896
3211,5687180,25906
3212,5499223,25915
3213,5618420,25925
3214,7630096,25934
3215,6707484,25943
3216,6584495,25951
3217,6610678,25962
3218,6702217,25972
3219,6843480,25982
3220,6904308,25991
3221,6738431,26001
3222,6578595,26010
3223,6710822,26019
3224,6168764,26027
3225,5309269,26037
3226,4382697,26046
3227,4317064,26055
3228,4252545,26063
3229,5485260,26072
3230,6816004,26080
3231,5533259,26088
3232,5522249,26095
3233,5408653,26106
3234,5326790,26116
3235,5348573,26126
3236,5219955,26135
3237,5687260,26145
3238,5560088,26154
3239,5455090,26163
3240,5220534,26171
3241,4829071,26181
3242,5101786,26190
3243,5084789,26199
3244,5014283,26207
3245,5038323,26216
3246,6192570,26224
3247,6589297,26232
3248,6287695,26239
3249,5750828,26249
3250,5216561,26258
3251,5166310,26267
3252,5408823,26275
3253,5177026,26284
3254,5248980,26292
3255,5196958,26300
3256,5167336,26307
3257,5250559,26316
3258,5012794,26324
3259,5080184,26332
3260,6433823,26339
3261,7093447,26347
3262,6202926,26354
3263,6298037,26361
3264,5590687,26367
3265,5007248,26378
3266,7119639,26388
3267,6404905,26398
3268,5483488,26407
3269,5484582,26417
3270,5767162,26426
3271,5567295,26435
3272,5581741,26443
3273,9539533,26453
3274,8211133,26462
3275,5617128,26471
3276,5462997,26479
3277,5600202,26488
3278,5839048,26496
3279,6871782,26504
3280,6055132,26511
3281,5582668,26521
3282,5516446,26530
3283,5701975,26539
3284,5807747,26547
3285,5037747,26556
3286,5717992,26564
3287,5631091,26572
3288,6820807,26579
3289,8180176,26588
3290,5917631,26596
3291,5869476,26604
3292,5659893,26611
3293,6445951,26619
3294,5739091,26626
3295,5675825,26633
3296,5672538,26639
3297,5484241,26649
3298,5419378,26658
3299,5182213,26667
3300,5903705,26675
3301,5532076,26684
3302,5459501,26692
3303,5374621,26700
3304,5234205,26707
3305,5338887,26716
3306,6413024,26724
3307,5653628,26732
3308,5283782,26739
3309,5751360,26747
3310,5711253,26754
3311,5399307,26761
3312,6049786,26767
3313,5364531,26776
3314,5502110,26784
3315,5383996,26792
3316,4857961,26799
3317,4894430,26807
3318,4916056,26814
3319,5833795,26821
3320,5078174,26827
3321,5122368,26835
3322,5300229,26842
3323,5377208,26849
3324,5203143,26855
3325,5378457,26862
3326,5624924,26868
3327,5731170,26874
3328,5507807,26879
3329,5753248,26891
3330,6866384,26902
3331,6946501,26913
3332,5570110,26923
3333,5504780,26934
3334,5529049,26944
3335,5271372,26954
3336,5209087,26963
3337,5176489,26974
3338,7001495,26984
3339,5539343,26994
3340,5423276,27003
3341,5246011,27013
3342,5284132,27022
3343,6577365,27031
3344,5991867,27039
3345,5934392,27050
3346,5539049,27060
3347,5239074,27070
3348,6449850,27079
3349,7161469,27089
3350,6159705,27098
3351,5622073,27107
3352,5366917,27115
3353,5314885,27125
3354,6162563,27134
3355,8634363,27143
3356,8446321,27151
3357,5442507,27160
3358,5199551,27168
3359,5326983,27176
3360,5443645,27183
3361,6630498,27194
3362,6523193,27204
3363,5954616,27214
3364,4146675,27223
3365,4122736,27233
3366,4808149,27242
3367,5065800,27251
3368,5217046,27259
3369,5013692,27269
3370,5564546,27278
3371,5163169,27287
3372,5537135,27295
3373,6063759,27304
3374,8953101,27312
3375,5243617,27320
3376,4977370,27327
3377,5030241,27337
3378,5749064,27346
3379,5349885,27355
3380,5532015,27363
3381,5742304,27372
3382,5864608,27380
3383,5668898,27388
3384,6089520,27395
3385,5681064,27404
3386,5619815,27412
3387,5458042,27420
3388,5604385,27427
3389,4696848,27435
3390,4604666,27442
3391,5392281,27449
3392,5892874,27455
3393,5764650,27466
3394,6235072,27476
3395,6872980,27486
3396,6888087,27495
3397,7290437,27505
3398,6240789,27514
3399,8414199,27523
3400,8527707,27531
3401,6759366,27541
3402,6228994,27550
3403,5931446,27559
3404,5489528,27567
3405,5365260,27576
3406,6288966,27584
3407,6106652,27592
3408,5691034,27599
3409,5669371,27609
3410,5658157,27618
3411,5602567,27627
3412,5958885,27635
3413,5602668,27644
3414,5606540,27652
3415,5416923,27660
3416,5113764,27667
3417,6212584,27676
3418,6381866,27684
3419,5973224,27692
3420,5443781,27699
3421,5338137,27707
3422,5194966,27714
3423,5113852,27721
3424,5708107,27727
3425,6038738,27737
3426,6485694,27746
3427,6518480,27755
3428,6285586,27763
3429,6148725,27772
3430,6153228,27780
3431,6142590,27788
3432,6078705,27795
3433,6106271,27804
3434,6149450,27812
3435,4431650,27820
3436,4094019,27827
3437,4115497,27835
3438,4484366,27842
3439,6358767,27849
3440,6097427,27855
3441,6202507,27864
3442,7811610,27872
3443,5815083,27880
3444,5899677,27887
3445,5369913,27895
3446,5080515,27902
3447,5457640,27909
3448,5201668,27915
3449,4843115,27923
3450,4929727,27930
3451,4877071,27937
3452,6080511,27943
3453,6435091,27950
3454,5770991,27956
3455,6758231,27962
3456,6857992,27967
3457,5568926,27978
3458,5448593,27988
3459,5435147,27998
3460,7392960,28007
3461,6537525,28017
3462,5433861,28026
3463,5430899,28035
3464,5558693,28043
3465,5712993,28053
3466,5710172,28062
3467,5659406,28071
3468,5741143,28079
3469,5799439,28088
3470,5736245,28096
3471,5973685,28104
3472,5939024,28111
3473,6360810,28121
3474,6236394,28130
3475,6233145,28139
3476,5692123,28147
3477,5605727,28156
3478,5803608,28164
3479,6112921,28172
3480,5112971,28179
3481,5428300,28188
3482,6223287,28196
3483,5951599,28204
3484,5984506,28211
3485,7201290,28219
3486,6498251,28226
3487,6119257,28233
3488,5974133,28239
3489,6104175,28249
3490,5733038,28258
3491,5851449,28267
3492,5788272,28275
3493,5996104,28284
3494,6413754,28292
3495,7201468,28300
3496,7458292,28307
3497,7585936,28316
3498,5766774,28324
3499,5624617,28332
3500,6026481,28339
3501,6108398,28347
3502,6647249,28354
3503,6557993,28361
3504,7651506,28367
3505,8189281,28376
3506,10096185,28384
3507,8113360,28392
3508,7677501,28399
3509,8222177,28407
3510,8896510,28414
3511,9277790,28421
3512,10025545,28427
3513,7291150,28435
3514,7309122,28442
3515,7372274,28449
3516,7135139,28455
3517,7179846,28462
3518,7092905,28468
3519,7465833,28474
3520,6944711,28479
3521,7068832,28489
3522,6868634,28498
3523,6708427,28507
3524,6670554,28515
3525,6468357,28524
3526,7410096,28532
3527,7450345,28540
3528,6933761,28547
3529,5963512,28556
3530,5824694,28564
3531,5521915,28572
3532,5494662,28579
3533,5534208,28587
3534,7172120,28594
3535,6264217,28601
3536,6315079,28607
3537,5874578,28616
3538,6592666,28624
3539,7737718,28632
3540,6692827,28639
3541,6812098,28647
3542,7856434,28654
3543,8905877,28661
3544,7112168,28667
3545,8099574,28675
3546,7716103,28682
3547,6410583,28689
3548,6360999,28695
3549,6776446,28702
3550,6592486,28708
3551,6532117,28714
3552,6386815,28719
3553,6846819,28728
3554,7977164,28736
3555,7309800,28744
3556,5961929,28751
3557,6242536,28759
3558,6915268,28766
3559,6128059,28773
3560,6270427,28779
3561,6082452,28787
3562,7496450,28794
3563,11191045,28801
3564,7017377,28807
3565,7549562,28814
3566,8351897,28820
3567,8956747,28826
3568,7752811,28831
3569,8337223,28839
3570,9730003,28846
3571,8641851,28853
3572,7992733,28859
3573,7623067,28866
3574,7068859,28872
3575,7074296,28878
3576,7953274,28883
3577,8129820,28890
3578,7841837,28896
3579,7590859,28902
3580,6274737,28907
3581,6081080,28913
3582,6426203,28918
3583,6334419,28923
3584,6423720,28927
3585,9004553,28939
3586,9253424,28950
3587,6425649,28961
3588,6440489,28971
3589,6370057,28982
3590,6409956,28992
3591,7150733,29002
3592,6781735,29011
3593,6347862,29022
3594,6485949,29032
3595,5412132,29042
3596,6371507,29051
3597,6398300,29061
3598,9895346,29070
3599,8336928,29079
3600,7420077,29087
3601,7129265,29098
3602,6704818,29108
3603,9592643,29118
3604,8945778,29127
3605,8805987,29137
3606,8272791,29146
3607,11356652,29155
3608,9038902,29163
3609,11608359,29173
3610,9736214,29182
3611,14201456,29191
3612,9163996,29199
3613,10499565,29208
3614,11999637,29216
3615,10503416,29224
3616,9172558,29231
3617,12692306,29242
3618,11590233,29252
3619,13532332,29262
3620,16608277,29271
3621,16260921,29281
3622,10971314,29290
3623,10394786,29299
3624,10647446,29307
3625,13466378,29317
3626,9292695,29326
3627,13851758,29335
3628,12427237,29343
3629,9965512,29352
3630,11364740,29360
3631,11784115,29368
3632,8638621,29375
3633,9054456,29385
3634,13715534,29394
3635,8628806,29403
3636,8054723,29411
3637,7897554,29420
3638,7671268,29428
3639,9182675,29436
3640,8973778,29443
3641,8763094,29452
3642,8712622,29460
3643,7817001,29468
3644,7153020,29475
3645,10303378,29483
3646,8658675,29490
3647,8572210,29497
3648,8401933,29503
3649,10478994,29514
3650,9213726,29524
3651,8035562,29534
3652,11222326,29543
3653,8426318,29553
3654,6750118,29562
3655,6544639,29571
3656,6561184,29579
3657,6814382,29589
3658,8419442,29598
3659,7004821,29607
3660,6660556,29615
3661,6458632,29624
3662,6692443,29632
3663,6552492,29640
3664,6632326,29647
3665,6466846,29657
3666,6317652,29666
3667,6253956,29675
3668,7157731,29683
3669,6812134,29692
3670,6492890,29700
3671,6424943,29708
3672,6650015,29715
3673,7409440,29724
3674,8313194,29732
3675,8329494,29740
3676,12524380,29747
3677,12336279,29755
3678,11426004,29762
3679,10578386,29769
3680,11747062,29775
3681,11678181,29785
3682,12574863,29794
3683,17308189,29803
3684,15596398,29811
3685,9355856,29820
3686,8349674,29828
3687,7673456,29836
3688,13232048,29843
3689,7605955,29852
3690,7502069,29860
3691,7523559,29868
3692,7856249,29875
3693,7506836,29883
3694,7189725,29890
3695,6719816,29897
3696,6692624,29903
3697,9869253,29912
3698,6275915,29920
3699,6105297,29928
3700,6122126,29935
3701,6206163,29943
3702,6513483,29950
3703,7795273,29957
3704,10796802,29963
3705,9647107,29971
3706,6936883,29978
3707,6842899,29985
3708,6865518,29991
3709,8309723,29998
3710,7521801,30004
3711,7148870,30010
3712,6933585,30015
3713,7813158,30026
3714,7491326,30036
3715,10784470,30046
3716,8657391,30055
3717,8363457,30065
3718,8134781,30074
3719,8970646,30083
3720,8371755,30091
3721,8164426,30101
3722,6708980,30110
3723,6980827,30119
3724,7272330,30127
3725,6637897,30136
3726,6396780,30144
3727,6396855,30152
3728,6715320,30159
3729,6588507,30169
3730,6516527,30178
3731,7011082,30187
3732,8204475,30195
3733,8551141,30204
3734,6374387,30212
3735,6128741,30220
3736,9029416,30227
3737,6553975,30236
3738,6457160,30244
3739,5808154,30252
3740,6650034,30259
3741,7424029,30267
3742,7686624,30274
3743,7626516,30281
3744,7265876,30287
3745,7260974,30297
3746,7717391,30306
3747,6546815,30315
3748,6084774,30323
3749,6101529,30332
3750,6036358,30340
3751,7467153,30348
3752,10362297,30355
3753,10343899,30364
3754,9666561,30372
3755,6927722,30380
3756,7085457,30387
3757,7807885,30395
3758,7059164,30402
3759,6818916,30409
3760,7784551,30415
3761,7799891,30424
3762,7252788,30432
3763,6927419,30440
3764,6857591,30447
3765,7394144,30455
3766,6507591,30462
3767,6656136,30469
3768,6147757,30475
3769,6222531,30483
3770,6831755,30490
3771,6190103,30497
3772,5899179,30503
3773,5700156,30510
3774,5672079,30516
3775,6044658,30522
3776,7052154,30527
3777,6278855,30537
3778,6279434,30546
3779,6343728,30555
3780,7550060,30563
3781,6777152,30572
3782,6469057,30580
3783,6226508,30588
3784,6263301,30595
3785,6337036,30604
3786,8098752,30612
3787,8100137,30620
3788,8008588,30627
3789,6163995,30635
3790,6573276,30642
3791,6079077,30649
3792,5816029,30655
3793,6038821,30664
3794,5947219,30672
3795,5793362,30680
3796,6358535,30687
3797,5901377,30695
3798,5837478,30702
3799,5964653,30709
3800,5729057,30715
3801,5796251,30723
3802,5919018,30730
3803,6167207,30737
3804,6321307,30743
3805,6220598,30750
3806,6057167,30756
3807,5968615,30762
3808,6177337,30767
3809,6512981,30776
3810,6151768,30784
3811,6284696,30792
3812,6496628,30799
3813,6648731,30807
3814,7015016,30814
3815,6827211,30821
3816,6813461,30827
3817,7001962,30835
3818,8729236,30842
3819,7483350,30849
3820,7692018,30855
3821,7287526,30862
3822,6974409,30868
3823,8687181,30874
3824,8132940,30879
3825,7781241,30887
3826,7742183,30894
3827,10515917,30901
3828,9260241,30907
3829,8935391,30914
3830,8087596,30920
3831,7892024,30926
3832,7082183,30931
3833,6853056,30938
3834,5473864,30944
3835,5254234,30950
3836,7606604,30955
3837,7033393,30961
3838,6823142,30966
3839,6569960,30971
3840,6513242,30975
3841,7718818,30986
3842,6333758,30996
3843,6208536,31006
3844,6204538,31015
3845,9554763,31025
3846,7260253,31034
3847,7239867,31043
3848,7237698,31051
3849,8216491,31061
3850,9621881,31070
3851,6728445,31079
3852,6833843,31087
3853,6909164,31096
3854,6538119,31104
3855,9560351,31112
3856,7967993,31119
3857,9534937,31129
3858,9724849,31138
3859,7391810,31147
3860,8009449,31155
3861,7660572,31164
3862,8466796,31172
3863,9407510,31180
3864,9194167,31187
3865,9825461,31196
3866,7231180,31204
3867,7228804,31212
3868,7930279,31219
3869,7765806,31227
3870,7071694,31234
3871,7167319,31241
3872,8663384,31247
3873,7766093,31257
3874,6608986,31266
3875,6805266,31275
3876,6556665,31283
3877,6457404,31292
3878,8675738,31300
3879,7360307,31308
3880,7936717,31315
3881,8668701,31324
3882,8489466,31332
3883,8318907,31340
3884,6717618,31347
3885,6525307,31355
3886,6583321,31362
3887,7600567,31369
3888,6843387,31375
3889,6647534,31384
3890,6468498,31392
3891,6958845,31400
3892,10554982,31407
3893,6404522,31415
3894,6279372,31422
3895,6376565,31429
3896,8558199,31435
3897,7112638,31443
3898,6455300,31450
3899,6993956,31457
3900,6463911,31463
3901,6505700,31470
3902,6418368,31476
3903,6538108,31482
3904,6502202,31487
3905,6582658,31497
3906,7594259,31506
3907,8454746,31515
3908,8588668,31523
3909,8744320,31532
3910,10782365,31540
3911,8860694,31548
3912,6305752,31555
3913,6295444,31564
3914,6575043,31572
3915,8176992,31580
3916,7391858,31587
3917,7013080,31595
3918,6945066,31602
3919,7465996,31609
3920,7139105,31615
3921,7483592,31624
3922,8385900,31632
3923,7820112,31640
3924,9848087,31647
3925,7663025,31655
3926,7971962,31662
3927,8512297,31669
3928,6166907,31675
3929,6307306,31683
3930,8825733,31690
3931,11358352,31697
3932,10207708,31703
3933,9386812,31710
3934,8989009,31716
3935,9485263,31722
3936,9523490,31727
3937,8969637,31736
3938,11536622,31744
3939,10853210,31752
3940,11682365,31759
3941,12030657,31767
3942,10128347,31774
3943,8940953,31781
3944,8838156,31787
3945,9564902,31795
3946,12419208,31802
3947,10260492,31809
3948,12798399,31815
3949,11824117,31822
3950,10518631,31828
3951,12088440,31834
3952,9960378,31839
3953,8899314,31847
3954,12694168,31854
3955,9924874,31861
3956,8224134,31867
3957,8258045,31874
3958,8043694,31880
3959,9711127,31886
3960,14211407,31891
3961,10469612,31898
3962,10426197,31904
3963,10111734,31910
3964,9706434,31915
3965,8837372,31921
3966,8799949,31926
3967,8547327,31931
3968,9028134,31935
3969,9063289,31945
3970,8700919,31954
3971,8492040,31963
3972,6985992,31971
3973,8747292,31980
3974,8134588,31988
3975,8979568,31996
3976,7973228,32003
3977,8039461,32012
3978,8610929,32020
3979,8180665,32028
3980,7829700,32035
3981,8462605,32043
3982,8204860,32050
3983,8490059,32057
3984,7786225,32063
3985,9031634,32072
3986,9038549,32080
3987,9405433,32088
3988,9003074,32095
3989,8892367,32103
3990,8117874,32110
3991,7006178,32117
3992,6887023,32123
3993,6837510,32131
3994,8779825,32138
3995,11898536,32145
3996,6641732,32151
3997,9423065,32158
3998,6773494,32164
3999,6613224,32170
4000,6767751,32175
4001,6667562,32184
4002,6774329,32192
4003,6348167,32200
4004,6828450,32207
4005,8874252,32215
4006,7898497,32222
4007,6331191,32229
4008,6384210,32235
4009,6322892,32243
4010,6240449,32250
4011,6436038,32257
4012,6372248,32263
4013,8633582,32270
4014,8255361,32276
4015,8251144,32282
4016,8671018,32287
4017,9365645,32295
4018,6644685,32302
4019,6552717,32309
4020,7056388,32315
4021,9764527,32322
4022,6771087,32328
4023,6659117,32334
4024,6622669,32339
4025,7787646,32346
4026,6590763,32352
4027,6685632,32358
4028,6771920,32363
4029,6870706,32369
4030,8057270,32374
4031,7179446,32379
4032,7377444,32383
4033,7655982,32392
4034,7225264,32400
4035,7576845,32408
4036,6748660,32415
4037,7023367,32423
4038,7252405,32430
4039,7690123,32437
4040,8276336,32443
4041,7190612,32451
4042,7671135,32458
4043,8170940,32465
4044,7663761,32471
4045,6906876,32478
4046,7192603,32484
4047,7123848,32490
4048,7252556,32495
4049,7886389,32503
4050,6873191,32510
4051,6547772,32517
4052,6487399,32523
4053,7464399,32530
4054,8522645,32536
4055,7126260,32542
4056,7212175,32547
4057,8655120,32554
4058,8933141,32560
4059,9315638,32566
4060,8758350,32571
4061,8226556,32577
4062,8105437,32582
4063,6171567,32587
4064,5792167,32591
4065,5727602,32599
4066,5471495,32606
4067,5968886,32613
4068,6571879,32619
4069,5920602,32626
4070,5871251,32632
4071,5779247,32638
4072,5629507,32643
4073,7072869,32650
4074,7237238,32656
4075,8305939,32662
4076,8643893,32667
4077,10204727,32673
4078,7846605,32678
4079,6945774,32683
4080,7126285,32687
4081,7332677,32694
4082,12108778,32700
4083,9217136,32706
4084,7249003,32711
4085,8471443,32717
4086,7873857,32722
4087,6345908,32727
4088,7890990,32731
4089,9676498,32737
4090,10961207,32742
4091,9719093,32747
4092,9781541,32751
4093,9631671,32756
4094,8400860,32760
4095,8120278,32764
4096,9031292,32767
4097,10202839,32782
4098,11077381,32796
4099,10891360,32810
4100,11489788,32823
4101,9521131,32837
4102,11475783,32850
4103,11307895,32863
4104,9219927,32875
4105,8644753,32889
4106,8391813,32902
4107,8742036,32915
4108,8409446,32927
4109,7896350,32940
4110,8568511,32952
4111,10534338,32964
4112,9174512,32975
4113,9935074,32989
4114,7879442,33002
4115,7825570,33015
4116,7615914,33027
4117,7575569,33040
4118,8325240,33052
4119,7651248,33064
4120,7553322,33075
4121,7500615,33088
4122,8412115,33100
4123,10595744,33112
4124,7719822,33123
4125,7709017,33135
4126,7714349,33146
4127,10627314,33157
4128,7194335,33167
4129,7301382,33181
4130,7330616,33194
4131,7940807,33207
4132,7048730,33219
4133,8282144,33232
4134,8608788,33244
4135,10674576,33256
4136,8050942,33267
4137,7521077,33280
4138,7412001,33292
4139,7409793,33304
4140,7283764,33315
4141,7241264,33327
4142,7102217,33338
4143,8512784,33349
4144,7789170,33359
4145,7151859,33372
4146,6952601,33384
4147,6980524,33396
4148,7877720,33407
4149,9348628,33419
4150,9103096,33430
4151,9203193,33441
4152,9996257,33451
4153,10152866,33463
4154,8379251,33474
4155,8757217,33485
4156,9421791,33495
4157,9105786,33506
4158,8999922,33516
4159,8944320,33526
4160,9081021,33535
4161,9303727,33549
4162,10521955,33562
4163,14481492,33575
4164,12618348,33587
4165,10770118,33600
4166,16095342,33612
4167,17581694,33624
4168,16138968,33635
4169,18421213,33648
4170,18177600,33660
4171,14488511,33672
4172,19014029,33683
4173,15495513,33695
4174,13688934,33706
4175,13393294,33717
4176,12663613,33727
4177,13124708,33740
4178,10924593,33752
4179,13123801,33764
4180,11417851,33775
4181,11405749,33787
4182,13262837,33798
4183,12905080,33809
4184,14518429,33819
4185,13047258,33831
4186,9627766,33842
4187,9169759,33853
4188,10261844,33863
4189,9297515,33874
4190,8942983,33884
4191,9820326,33894
4192,9434317,33903
4193,8964115,33916
4194,8423349,33928
4195,13802491,33940
4196,13699616,33951
4197,12027125,33963
4198,7876156,33974
4199,7718090,33985
4200,7611784,33995
4201,8472021,34007
4202,9856919,34018
4203,10320487,34029
4204,9520093,34039
4205,10642660,34050
4206,9192635,34060
4207,9155802,34070
4208,9415738,34079
4209,9633023,34091
4210,10408178,34102
4211,11343291,34113
4212,10014294,34123
4213,9999674,34134
4214,13537483,34144
4215,11231464,34154
4216,13120922,34163
4217,8792352,34174
4218,7397890,34184
4219,7010775,34194
4220,6821549,34203
4221,7354412,34213
4222,8707360,34222
4223,8518133,34231
4224,8337352,34239
4225,8329699,34253
4226,10863388,34266
4227,10708869,34279
4228,9047504,34291
4229,8396339,34304
4230,13487711,34316
4231,14539090,34328
4232,9577390,34339
4233,8335115,34352
4234,7949969,34364
4235,7656193,34376
4236,7804433,34387
4237,6384255,34399
4238,6859119,34410
4239,7608046,34421
4240,9453184,34431
4241,6306826,34444
4242,10525465,34456
4243,9062411,34468
4244,7616733,34479
4245,8871272,34491
4246,9019647,34502
4247,11754154,34513
4248,8123893,34523
4249,9785273,34535
4250,8995772,34546
4251,8477333,34557
4252,9437000,34567
4253,10434877,34578
4254,8194068,34588
4255,8071805,34598
4256,8056174,34607
4257,10351540,34620
4258,8779808,34632
4259,12705231,34644
4260,9975773,34655
4261,6821948,34667
4262,6824212,34678
4263,6772142,34689
4264,7985877,34699
4265,8508980,34711
4266,8212686,34722
4267,8196184,34733
4268,11129526,34743
4269,14086743,34754
4270,8895734,34764
4271,9221566,34774
4272,10950487,34783
4273,11015647,34795
4274,10028826,34806
4275,10391796,34817
4276,10070754,34827
4277,10910743,34838
4278,11993310,34848
4279,11964477,34858
4280,12695583,34867
4281,16042035,34878
4282,9624505,34888
4283,9718451,34898
4284,11236912,34907
4285,10982280,34917
4286,10791771,34926
4287,12666588,34935
4288,11470798,34943
4289,11966679,34956
4290,16844400,34968
4291,12789048,34980
4292,10520671,34991
4293,10410474,35003
4294,9959645,35014
4295,11288707,35025
4296,10098960,35035
4297,9705946,35047
4298,11338691,35058
4299,11447280,35069
4300,9802679,35079
4301,15268370,35090
4302,9741682,35100
4303,9618079,35110
4304,9367940,35119
4305,10768728,35131
4306,9479758,35142
4307,9561798,35153
4308,10176814,35163
4309,9254699,35174
4310,9492414,35184
4311,11512491,35194
4312,11946289,35203
4313,10995418,35214
4314,11100921,35224
4315,8914449,35234
4316,7462603,35243
4317,8399020,35253
4318,11112155,35262
4319,11179462,35271
4320,9919925,35279
4321,9445805,35291
4322,9920718,35302
4323,9132720,35313
4324,9122149,35323
4325,10167382,35334
4326,8399809,35344
4327,8298867,35354
4328,8791763,35363
4329,10124797,35374
4330,9787787,35384
4331,10064667,35394
4332,11776780,35403
4333,9411886,35413
4334,9001407,35422
4335,8938497,35431
4336,9862916,35439
4337,8265582,35450
4338,8466747,35460
4339,8490512,35470
4340,8932360,35479
4341,8433096,35489
4342,11839251,35498
4343,12066657,35507
4344,11068768,35515
4345,11854050,35525
4346,14996667,35534
4347,10733864,35543
4348,11885926,35551
4349,11808453,35560
4350,9723241,35568
4351,9839043,35576
4352,10679442,35583
4353,9009383,35597
4354,9884353,35610
4355,12161069,35623
4356,16336704,35635
4357,14248338,35648
4358,11247603,35660
4359,10757581,35672
4360,13430512,35683
4361,11225022,35696
4362,10486781,35708
4363,13811428,35720
4364,10825367,35731
4365,10293393,35743
4366,10287829,35754
4367,10301838,35765
4368,9879520,35775
4369,9837662,35788
4370,10213359,35800
4371,11542323,35812
4372,9657801,35823
4373,11385442,35835
4374,12133805,35846
4375,10255285,35857
4376,11135353,35867
4377,10831223,35879
4378,10426969,35890
4379,12635711,35901
4380,16997665,35911
4381,15424630,35922
4382,13921988,35932
4383,11995280,35942
4384,15332375,35951
4385,16811095,35964
4386,18471265,35976
4387,16247670,35988
4388,13573946,35999
4389,14889527,36011
4390,11774174,36022
4391,15383165,36033
4392,12831596,36043
4393,13179026,36055
4394,14842712,36066
4395,14968959,36077
4396,16780101,36087
4397,11360131,36098
4398,16907649,36108
4399,12606824,36118
4400,11138019,36127
4401,14045755,36139
4402,13275583,36150
4403,11155907,36161
4404,9718363,36171
4405,9138476,36182
4406,8763277,36192
4407,10182070,36202
4408,9337649,36211
4409,8294017,36222
4410,8746797,36232
4411,8525499,36242
4412,8609675,36251
4413,8731594,36261
4414,9067485,36270
4415,11174016,36279
4416,10392159,36287
4417,9863433,36300
4418,11101160,36312
4419,10726117,36324
4420,10321643,36335
4421,9768065,36347
4422,8508724,36358
4423,8518675,36369
4424,8434527,36379
4425,8600196,36391
4426,8768599,36402
4427,8910458,36413
4428,8546053,36423
4429,9672501,36434
4430,10205155,36444
4431,9708202,36454
4432,9491987,36463
4433,9313151,36475
4434,8181985,36486
4435,8182233,36497
4436,8140506,36507
4437,9302347,36518
4438,8236710,36528
4439,9336593,36538
4440,9170999,36547
4441,8538387,36558
4442,8654327,36568
4443,8451572,36578
4444,8793705,36587
4445,8469236,36597
4446,8408239,36606
4447,8426086,36615
4448,9098989,36623
4449,8974056,36635
4450,8601872,36646
4451,8656971,36657
4452,8837262,36667
4453,11266187,36678
4454,12400444,36688
4455,8966043,36698
4456,8526210,36707
4457,8645148,36718
4458,10048097,36728
4459,10279353,36738
4460,9974184,36747
4461,8875691,36757
4462,12741131,36766
4463,8567927,36775
4464,8486871,36783
4465,8079512,36794
4466,8555410,36804
4467,8871185,36814
4468,8236324,36823
4469,8559324,36833
4470,9556974,36842
4471,8986523,36851
4472,8876778,36859
4473,8664158,36869
4474,8065014,36878
4475,10542319,36887
4476,8598218,36895
4477,8326490,36904
4478,9136559,36912
4479,8356473,36920
4480,8219006,36927
4481,9414681,36940
4482,8807032,36952
4483,8686618,36964
4484,8316024,36975
4485,10255142,36987
4486,7645677,36998
4487,8150369,37009
4488,8119000,37019
4489,9751556,37031
4490,9877493,37042
4491,8221108,37053
4492,8345089,37063
4493,8751238,37074
4494,8346520,37084
4495,8289467,37094
4496,9129418,37103
4497,9859940,37115
4498,9191206,37126
4499,8360497,37137
4500,8595427,37147
4501,8736564,37158
4502,6627350,37168
4503,7052018,37178
4504,8096728,37187
4505,8395661,37198
4506,8343823,37208
4507,8200600,37218
4508,8227301,37227
4509,10353826,37237
4510,9399791,37246
4511,8267125,37255
4512,8195717,37263
4513,9330839,37275
4514,8273077,37286
4515,9007441,37297
4516,8632117,37307
4517,9229565,37318
4518,9277827,37328
4519,9431022,37338
4520,8030285,37347
4521,8074117,37358
4522,7963799,37368
4523,7637097,37378
4524,7740716,37387
4525,8135812,37397
4526,7693587,37406
4527,7838182,37415
4528,7950508,37423
4529,9974370,37434
4530,8447846,37444
4531,8459986,37454
4532,8738158,37463
4533,10558999,37473
4534,10303731,37482
4535,9514251,37491
4536,8165626,37499
4537,9008630,37509
4538,10161577,37518
4539,8720164,37527
4540,8389578,37535
4541,8979228,37544
4542,9747237,37552
4543,8369494,37560
4544,9841058,37567
4545,8339539,37579
4546,8324317,37590
4547,8297771,37601
4548,11661524,37611
4549,12094195,37622
4550,10088410,37632
4551,9327252,37642
4552,8305796,37651
4553,8162510,37662
4554,8749366,37672
4555,8242239,37682
4556,8271044,37691
4557,8172048,37701
4558,8490566,37710
4559,8614718,37719
4560,8269348,37727
4561,8692355,37738
4562,8600003,37748
4563,9448283,37758
4564,8147788,37767
4565,8751243,37777
4566,8864191,37786
4567,10925837,37795
4568,14247505,37803
4569,8821958,37813
4570,8437848,37822
4571,8360894,37831
4572,8250311,37839
4573,7664192,37848
4574,8542972,37856
4575,8913727,37864
4576,8533037,37871
4577,8454468,37882
4578,8514370,37892
4579,8457696,37902
4580,7908944,37911
4581,7681044,37921
4582,10313939,37930
4583,8401013,37939
4584,8822021,37947
4585,8522908,37957
4586,10458572,37966
4587,9583184,37975
4588,10027471,37983
4589,10021988,37992
4590,9817835,38000
4591,8365152,38008
4592,7903939,38015
4593,8369034,38025
4594,8108095,38034
4595,8537831,38043
4596,8239421,38051
4597,8556960,38060
4598,7790688,38068
4599,6657118,38076
4600,9673391,38083
4601,9156904,38092
4602,8861159,38100
4603,8052055,38108
4604,8806334,38115
4605,10132499,38123
4606,8208355,38130
4607,8015856,38137
4608,12993301,38143
4609,8957812,38157
4610,8215138,38170
4611,9737039,38183
4612,10253247,38195
4613,9578132,38208
4614,9567540,38220
4615,9628352,38232
4616,9755461,38243
4617,9257535,38256
4618,9692529,38268
4619,8822032,38280
4620,7908120,38291
4621,7938449,38303
4622,7960250,38314
4623,8316569,38325
4624,8315972,38335
4625,8257336,38348
4626,9367664,38360
4627,10316984,38372
4628,8570509,38383
4629,8399037,38395
4630,7198164,38406
4631,7010171,38417
4632,8221260,38427
4633,8246107,38439
4634,8704142,38450
4635,9074727,38461
4636,8368211,38471
4637,9599430,38482
4638,10643815,38492
4639,10640478,38502
4640,9346557,38511
4641,8448375,38524
4642,8830515,38536
4643,8374863,38548
4644,10325769,38559
4645,10665046,38571
4646,9761202,38582
4647,8127510,38593
4648,8113136,38603
4649,8441063,38615
4650,8088517,38626
4651,8187754,38637
4652,7948975,38647
4653,7904706,38658
4654,10328889,38668
4655,10328556,38678
4656,8793224,38687
4657,8764893,38699
4658,8222958,38710
4659,9067474,38721
4660,10502047,38731
4661,10257782,38742
4662,10505603,38752
4663,10442592,38762
4664,9737243,38771
4665,8309391,38782
4666,8417297,38792
4667,9351376,38802
4668,9668632,38811
4669,8811389,38821
4670,8487008,38830
4671,11222282,38839
4672,11017188,38847
4673,10948614,38860
4674,11356294,38872
4675,10544702,38884
4676,10050063,38895
4677,9275538,38907
4678,9854882,38918
4679,8878715,38929
4680,9034010,38939
4681,9261467,38951
4682,11533497,38962
4683,9530254,38973
4684,8898689,38983
4685,9032595,38994
4686,8962008,39004
4687,8633159,39014
4688,8672976,39023
4689,8713242,39035
4690,7487233,39046
4691,6995748,39057
4692,9953041,39067
4693,11914255,39078
4694,10169648,39088
4695,10372366,39098
4696,10121121,39107
4697,8661409,39118
4698,7716029,39128
4699,7140726,39138
4700,9291569,39147
4701,10614487,39157
4702,9265919,39166
4703,8858788,39175
4704,8487898,39183
4705,8447634,39195
4706,8368415,39206
4707,8428022,39217
4708,10114129,39227
4709,10432198,39238
4710,9267609,39248
4711,8618935,39258
4712,9748021,39267
4713,10603854,39278
4714,10788777,39288
4715,10783519,39298
4716,10246091,39307
4717,8503432,39317
4718,9845127,39326
4719,7807083,39335
4720,7986551,39343
4721,8159801,39354
4722,8190953,39364
4723,7929229,39374
4724,9301143,39383
4725,10012401,39393
4726,10333023,39402
4727,10014682,39411
4728,9461292,39419
4729,8075394,39429
4730,8684637,39438
4731,8509372,39447
4732,8059578,39455
4733,11039514,39464
4734,10153779,39472
4735,8880975,39480
4736,7955250,39487
4737,8260811,39500
4738,8014211,39512
4739,9178509,39524
4740,9836371,39535
4741,9755660,39547
4742,10001696,39558
4743,9883497,39569
4744,10414139,39579
4745,8402500,39591
4746,8239890,39602
4747,8872629,39613
4748,8517803,39623
4749,8202694,39634
4750,8163950,39644
4751,8599251,39654
4752,8250332,39663
4753,8365558,39675
4754,7756273,39686
4755,10017619,39697
4756,10708277,39707
4757,8695277,39718
4758,8368871,39728
4759,8138883,39738
4760,8144375,39747
4761,9270069,39758
4762,10259932,39768
4763,10177637,39778
4764,10141918,39787
4765,8404789,39797
4766,8243619,39806
4767,8102373,39815
4768,9434192,39823
4769,9962662,39835
4770,8581735,39846
4771,7875429,39857
4772,7490989,39867
4773,7833755,39878
4774,7626168,39888
4775,7703345,39898
4776,9619212,39907
4777,9921575,39918
4778,8119365,39928
4779,8642460,39938
4780,10496491,39947
4781,8265181,39957
4782,7820787,39966
4783,8976963,39975
4784,9149719,39983
4785,7973617,39994
4786,7996044,40004
4787,8021427,40014
4788,8603959,40023
4789,8316460,40033
4790,8431460,40042
4791,8898432,40051
4792,10953572,40059
4793,12094575,40069
4794,10185505,40078
4795,9040386,40087
4796,8645647,40095
4797,8220121,40104
4798,9503146,40112
4799,8445082,40120
4800,8657626,40127
4801,8489072,40139
4802,8526504,40150
4803,8367064,40161
4804,8378790,40171
4805,8147710,40182
4806,8429548,40192
4807,10010787,40202
4808,8456785,40211
4809,8461029,40222
4810,9126519,40232
4811,8539804,40242
4812,8635868,40251
4813,8395798,40261
4814,9539625,40270
4815,10443626,40279
4816,10428231,40287
4817,9050874,40298
4818,8009919,40308
4819,8343843,40318
4820,8150149,40327
4821,9796104,40337
4822,10085244,40346
4823,10120989,40355
4824,8693665,40363
4825,8126495,40373
4826,9106828,40382
4827,9970675,40391
4828,10255770,40399
4829,9171262,40408
4830,8325782,40416
4831,8471748,40424
4832,9144663,40431
4833,8712267,40442
4834,7685345,40452
4835,6547700,40462
4836,6565633,40471
4837,8552161,40481
4838,8281718,40490
4839,8182890,40499
4840,8200992,40507
4841,9286225,40517
4842,8317031,40526
4843,8103568,40535
4844,8159824,40543
4845,9231159,40552
4846,9945400,40560
4847,9291170,40568
4848,8846545,40575
4849,9111160,40585
4850,8274454,40594
4851,8358154,40603
4852,8547989,40611
4853,10299102,40620
4854,8399855,40628
4855,8314919,40636
4856,9492234,40643
4857,7988961,40652
4858,8270138,40660
4859,8244772,40668
4860,10747794,40675
4861,8242052,40683
4862,8085454,40690
4863,8344916,40697
4864,8454492,40703
4865,8461564,40716
4866,8341087,40728
4867,8451125,40740
4868,8474010,40751
4869,8240681,40763
4870,8394860,40774
4871,8253304,40785
4872,9454079,40795
4873,8854740,40807
4874,13966721,40818
4875,9111625,40829
4876,9397458,40839
4877,10035827,40850
4878,8632097,40860
4879,8765375,40870
4880,8608104,40879
4881,8537170,40891
4882,8360225,40902
4883,8367228,40913
4884,8373550,40923
4885,8483889,40934
4886,8077777,40944
4887,8975275,40954
4888,6708727,40963
4889,6732573,40974
4890,6711847,40984
4891,7716320,40994
4892,10174760,41003
4893,9699008,41013
4894,8558746,41022
4895,9258326,41031
4896,9289350,41039
4897,8857794,41051
4898,8877855,41062
4899,10418105,41073
4900,10395304,41083
4901,9106873,41094
4902,8715782,41104
4903,8731053,41114
4904,8783475,41123
4905,8648574,41134
4906,8784442,41144
4907,8672129,41154
4908,8692439,41163
4909,8706446,41173
4910,8443129,41182
4911,8634938,41191
4912,9711566,41199
4913,10852029,41210
4914,8461506,41220
4915,8664837,41230
4916,8607116,41239
4917,9003819,41249
4918,9004973,41258
4919,8971938,41267
4920,8481099,41275
4921,11151740,41285
4922,8710113,41294
4923,8625986,41303
4924,8296099,41311
4925,8601408,41320
4926,9966134,41328
4927,10553225,41336
4928,10649974,41343
4929,8828168,41355
4930,8574148,41366
4931,8823919,41377
4932,10568753,41387
4933,10926027,41398
4934,8998375,41408
4935,9028065,41418
4936,8338869,41427
4937,7264536,41438
4938,7108136,41448
4939,8372042,41458
4940,9008441,41467
4941,8606692,41477
4942,9060017,41486
4943,10193854,41495
4944,10084846,41503
4945,9217779,41514
4946,11223407,41524
4947,9588426,41534
4948,11421620,41543
4949,10915515,41553
4950,9738980,41562
4951,8971496,41571
4952,9018936,41579
4953,9056474,41589
4954,9070279,41598
4955,10769494,41607
4956,9448059,41615
4957,9963880,41624
4958,9852835,41632
4959,9352612,41640
4960,8994090,41647
4961,9291656,41658
4962,10598122,41668
4963,11660752,41678
4964,10891786,41687
4965,9802836,41697
4966,9586986,41706
4967,9312251,41715
4968,9909566,41723
4969,10738041,41733
4970,9304395,41742
4971,11020195,41751
4972,11646791,41759
4973,11351739,41768
4974,11291589,41776
4975,11327305,41784
4976,11233824,41791
4977,11093666,41801
4978,11780139,41810
4979,7683426,41819
4980,9112481,41827
4981,11059279,41836
4982,12668864,41844
4983,9354453,41852
4984,9429608,41859
4985,10078365,41868
4986,9290790,41876
4987,10206964,41884
4988,10499774,41891
4989,9465496,41899
4990,9418760,41906
4991,9283742,41913
4992,9039913,41919
4993,9827566,41931
4994,8735468,41942
4995,8918193,41953
4996,9996054,41963
4997,10377265,41974
4998,10690714,41984
4999,10274589,41994
