sampleSize,hybridSort,keycomp
0,1192,0
1,450,0
2,2346,2
3,2093,4
4,1762,5
5,2244,8
6,1620,10
7,1899,14
8,2175,17
9,2797,22
10,3175,26
11,3716,32
12,3885,37
13,4195,44
14,4329,50
15,4972,58
16,5224,65
17,5879,74
18,6260,82
19,7011,92
20,7137,101
21,7364,112
22,7511,122
23,8297,134
24,8947,145
25,9763,158
26,10505,170
27,11630,184
28,12676,197
29,13196,212
30,13580,226
31,15226,242
32,15306,257
33,16083,274
34,16597,290
35,17302,308
36,17605,325
37,17588,344
38,19390,362
39,20937,382
40,22023,401
41,22064,422
42,23629,442
43,25415,464
44,27148,485
45,27268,508
46,27953,530
47,28824,554
48,15590,577
49,10606,602
50,16222,626
51,30223,652
52,32856,677
53,33001,704
54,31900,730
55,36226,758
56,36907,785
57,35418,814
58,38414,842
59,38923,872
60,39134,901
61,41828,932
62,43366,962
63,46172,994
64,47638,1025
65,49771,1058
66,48593,1090
67,52237,1124
68,53470,1157
69,54564,1192
70,58048,1226
71,58013,1262
72,34526,1297
73,54036,1334
74,62100,1370
75,65619,1408
76,67485,1445
77,75312,1484
78,74720,1522
79,71756,1562
80,73345,1601
81,81041,1642
82,83185,1682
83,85153,1724
84,89070,1765
85,82699,1808
86,48109,1850
87,114839,1894
88,98127,1937
89,98589,1982
90,103709,2026
91,45162,2072
92,97827,2117
93,247981,2164
94,122751,2210
95,115936,2258
96,115981,2305
97,120195,2354
98,122726,2402
99,50752,2452
100,80297,2501
101,126108,2552
102,129495,2602
103,133321,2654
104,140310,2705
105,141302,2758
106,142077,2810
107,83864,2864
108,140325,2917
109,147534,2972
110,153922,3026
111,152877,3082
112,161071,3137
113,161814,3194
114,115950,3250
115,143472,3308
116,167882,3365
117,161173,3424
118,166375,3482
119,164267,3542
120,165485,3601
121,178354,3662
122,187061,3722
123,194503,3784
124,196509,3845
125,185676,3908
126,49226,3970
127,116137,4034
128,175535,4097
129,222545,4162
130,180840,4226
131,255179,4292
132,345029,4357
133,210295,4424
134,213569,4490
135,209656,4558
136,226874,4625
137,238648,4694
138,241890,4762
139,244567,4832
140,247171,4901
141,250680,4972
142,255125,5042
143,263918,5114
144,266281,5185
145,260623,5258
146,155197,5330
147,224623,5404
148,410989,5477
149,296701,5552
150,298011,5626
151,295293,5702
152,303881,5777
153,303763,5854
154,308754,5930
155,314678,6008
156,317391,6085
157,248370,6164
158,190356,6242
159,181205,6322
160,220567,6401
161,149990,6482
162,185060,6562
163,225137,6644
164,197939,6725
165,226338,6808
166,199677,6890
167,213005,6974
168,240597,7057
169,185913,7142
170,234053,7226
171,209147,7312
172,236041,7397
173,237540,7484
174,217683,7570
175,241239,7658
176,215060,7745
177,226189,7834
178,252356,7922
179,222923,8012
180,255736,8101
181,201668,8192
182,244851,8282
183,267018,8374
184,270066,8465
185,248922,8558
186,272757,8650
187,248042,8744
188,280097,8837
189,337738,8932
190,252897,9026
191,250981,9122
192,267533,9217
193,252589,9314
194,271635,9410
195,260305,9508
196,276484,9605
197,287144,9704
198,275895,9802
199,284738,9902
200,278125,10001
201,289594,10102
202,245783,10202
203,480894,10304
204,384852,10405
205,264718,10508
206,321920,10610
207,311318,10714
208,403213,10817
209,323503,10922
210,301034,11026
211,329801,11132
212,286923,11237
213,339531,11344
214,318063,11450
215,321949,11558
216,338695,11665
217,327383,11774
218,341134,11882
219,340314,11992
220,352060,12101
221,350516,12212
222,375002,12322
223,353806,12434
224,335345,12545
225,387860,12658
226,389871,12770
227,384994,12884
228,398479,12997
229,392805,13112
230,406277,13226
231,419908,13342
232,412734,13457
233,417480,13574
234,394380,13690
235,329735,13808
236,443994,13925
237,441949,14044
238,465196,14162
239,489517,14282
240,467045,14401
241,486700,14522
242,498911,14642
243,498301,14764
244,491343,14885
245,509239,15008
246,507449,15130
247,500594,15254
248,500356,15377
249,519523,15502
250,510392,15626
251,511782,15752
252,528228,15877
253,524672,16004
254,526648,16130
255,537330,16258
256,492725,16385
257,551663,16514
258,549663,16642
259,553943,16772
260,550281,16901
261,572525,17032
262,595646,17162
263,570782,17294
264,572076,17425
265,578719,17558
266,528571,17690
267,580097,17824
268,585777,17957
269,571838,18092
270,592232,18226
271,592482,18362
272,601482,18497
273,625075,18634
274,616749,18770
275,616960,18908
276,620032,19045
277,642707,19184
278,649637,19322
279,630840,19462
280,672544,19601
281,650415,19742
282,524547,19882
283,696573,20024
284,664333,20165
285,674790,20308
286,688085,20450
287,703964,20594
288,690081,20737
289,716015,20882
290,717394,21026
291,669831,21172
292,687486,21317
293,760048,21464
294,722265,21610
295,700112,21758
296,698090,21905
297,708325,22054
298,708774,22202
299,714198,22352
300,715952,22501
301,716591,22652
302,728043,22802
303,727983,22954
304,753894,23105
305,742884,23258
306,752903,23410
307,729437,23564
308,754269,23717
309,729390,23872
310,735555,24026
311,762196,24182
312,742156,24337
313,731562,24494
314,747994,24650
315,748376,24808
316,760028,24965
317,783299,25124
318,774762,25282
319,801351,25442
320,824792,25601
321,760860,25762
322,840203,25922
323,1317862,26084
324,1205914,26245
325,848304,26408
326,800495,26570
327,829012,26734
328,713297,26897
329,672633,27062
330,656724,27226
331,680939,27392
332,678685,27557
333,682718,27724
334,699240,27890
335,703450,28058
336,703301,28225
337,691211,28394
338,702242,28562
339,720972,28732
340,696390,28901
341,672866,29072
342,716333,29242
343,691324,29414
344,718622,29585
345,711768,29758
346,757795,29930
347,721243,30104
348,732636,30277
349,724490,30452
350,692091,30626
351,749603,30802
352,719483,30977
353,734898,31154
354,747134,31330
355,752673,31508
356,769514,31685
357,736860,31864
358,723707,32042
359,763914,32222
360,743466,32401
361,758521,32582
362,914422,32762
363,952386,32944
364,891312,33125
365,1047762,33308
366,1024824,33490
367,1776094,33674
368,1269704,33857
369,1351826,34042
370,977929,34226
371,994020,34412
372,1013918,34597
373,1006206,34784
374,1023241,34970
375,1041468,35158
376,1055418,35345
377,1043145,35534
378,1043878,35722
379,1033190,35912
380,1043245,36101
381,1041178,36292
382,1056472,36482
383,1130513,36674
384,1047845,36865
385,1068695,37058
386,1110091,37250
387,1087862,37444
388,1005546,37637
389,1085360,37832
390,1077799,38026
391,1091733,38222
392,1133121,38417
393,1128768,38614
394,1101193,38810
395,1177524,39008
396,2046312,39205
397,1219715,39404
398,1215010,39602
399,948521,39802
400,1042997,40001
401,896046,40202
402,1201926,40402
403,1229823,40604
404,1266347,40805
405,1124799,41008
406,1236215,41210
407,1216905,41414
408,1238686,41617
409,1163979,41822
410,774359,42026
411,1082390,42232
412,1067904,42437
413,1155122,42644
414,911001,42850
415,1138950,43058
416,1089016,43265
417,1107488,43474
418,1104044,43682
419,1037496,43892
420,941301,44101
421,1149032,44312
422,1162656,44522
423,982968,44734
424,1265664,44945
425,1154256,45158
426,1204996,45370
427,1192982,45584
428,1428693,45797
429,1459835,46012
430,1381318,46226
431,897806,46442
432,1258509,46657
433,1474192,46874
434,1161573,47090
435,1481376,47308
436,1269625,47525
437,1352159,47744
438,1436272,47962
439,1358937,48182
440,1427830,48401
441,1404011,48622
442,1408754,48842
443,1371366,49064
444,1403547,49285
445,1413168,49508
446,1387601,49730
447,1418236,49954
448,1283250,50177
449,1181271,50402
450,1207335,50626
451,1226427,50852
452,1214620,51077
453,1339200,51304
454,1228871,51530
455,1241652,51758
456,1218056,51985
457,1329103,52214
458,1318864,52442
459,1281265,52672
460,1504847,52901
461,1346989,53132
462,1300264,53362
463,1285163,53594
464,1269404,53825
465,1289760,54058
466,1299970,54290
467,1289149,54524
468,1331406,54757
469,1269373,54992
470,1275520,55226
471,1299106,55462
472,1317380,55697
473,1309998,55934
474,1290104,56170
475,1296313,56408
476,1341689,56645
477,1366200,56884
478,2016929,57122
479,2689291,57362
480,2664987,57601
481,1826203,57842
482,1825579,58082
483,1619654,58324
484,1626033,58565
485,1580013,58808
486,1574530,59050
487,1528198,59294
488,1607803,59537
489,1616715,59782
490,1384442,60026
491,1613398,60272
492,1306567,60517
493,1607584,60764
494,1667068,61010
495,1699963,61258
496,1656528,61505
497,1642612,61754
498,1739051,62002
499,1696053,62252
500,1666482,62501
501,1734793,62752
502,1994443,63002
503,1760581,63254
504,1724724,63505
505,1724793,63758
506,1767483,64010
507,1724004,64264
508,1659932,64517
509,1673147,64772
510,1722343,65026
511,1726886,65282
512,1782381,65537
513,1803152,65794
514,1765558,66050
515,1713331,66308
516,1802701,66565
517,2174777,66824
518,3665663,67082
519,2360246,67342
520,1657509,67601
521,1951172,67862
522,1930571,68122
523,2395176,68384
524,2935145,68645
525,1821345,68908
526,1770394,69170
527,1874853,69434
528,1809379,69697
529,2750382,69962
530,2470312,70226
531,2652543,70492
532,1935340,70757
533,3050894,71024
534,1700905,71290
535,1752560,71558
536,1860995,71825
537,2520940,72094
538,3234766,72362
539,2022510,72632
540,2156759,72901
541,1961834,73172
542,2039379,73442
543,2927577,73714
544,3050901,73985
545,767849,74258
546,3652743,74530
547,4729450,74804
548,4490827,75077
549,4482077,75352
550,5252287,75626
551,4907646,75902
552,4816197,76177
553,2657401,76454
554,2097167,76730
555,1744038,77008
556,1892919,77285
557,1884622,77564
558,1834235,77842
559,1581312,78122
560,1931393,78401
561,1919134,78682
562,1744838,78962
563,1873763,79244
564,1686286,79525
565,1867195,79808
566,1830105,80090
567,1766149,80374
568,1954329,80657
569,1820729,80942
570,1775362,81226
571,1887601,81512
572,1808702,81797
573,1641295,82084
574,1890823,82370
575,3421456,82658
576,2263187,82945
577,2220761,83234
578,2220068,83522
579,2143033,83812
580,2307736,84101
581,2254919,84392
582,2235249,84682
583,2281885,84974
584,2251249,85265
585,2310766,85558
586,2253059,85850
587,2311448,86144
588,2254469,86437
589,2374765,86732
590,2454219,87026
591,2465772,87322
592,2427911,87617
593,2427191,87914
594,2485051,88210
595,2378144,88508
596,2422747,88805
597,2414538,89104
598,2399418,89402
599,2465736,89702
600,2369081,90001
601,2446568,90302
602,4004366,90602
603,2635763,90904
604,2495442,91205
605,2573949,91508
606,2579942,91810
607,2639753,92114
608,2553362,92417
609,2625751,92722
610,2620054,93026
611,2738260,93332
612,1374476,47127
613,1359480,47282
614,1253868,47436
615,1141190,47590
616,1181703,47743
617,1149448,47899
618,1183396,48054
619,1201096,48209
620,1231104,48363
621,1211697,48520
622,1204399,48676
623,1206077,48832
624,1213690,48987
625,1256787,49145
626,1282755,49302
627,1174959,49459
628,1336289,49615
629,1506382,49774
630,1470158,49932
631,1511473,50090
632,1524372,50247
633,1409753,50407
634,1535295,50566
635,1531083,50725
636,1538043,50883
637,1529255,51044
638,2314323,51204
639,2902627,51364
640,2356224,51523
641,1750061,51685
642,1669185,51846
643,1627595,52007
644,1621431,52167
645,1617149,52330
646,1419918,52492
647,1402209,52654
648,1370516,52815
649,1343752,52979
650,1421153,53142
651,1437093,53305
652,1427595,53467
653,1471135,53632
654,1463404,53796
655,1528074,53960
656,1800652,54123
657,1751079,54289
658,1747285,54454
659,2789588,54619
660,2832542,54783
661,1542353,54950
662,1437589,55116
663,1509356,55282
664,1554980,55447
665,1556070,55615
666,1497576,55782
667,1522976,55949
668,1513846,56115
669,1520948,56284
670,1506930,56452
671,1486642,56620
672,1538303,56787
673,1465387,56957
674,1608393,57126
675,1906907,57295
676,1715119,57463
677,1826702,57634
678,1955103,57804
679,1973299,57974
680,1890595,58143
681,1993307,58315
682,1829971,58486
683,1773047,58657
684,1787721,58827
685,1814394,59000
686,1830023,59172
687,1804513,59344
688,1779403,59515
689,1782819,59689
690,1828109,59862
691,1757375,60035
692,1764843,60207
693,1790351,60382
694,1703985,60556
695,1711247,60730
696,1998753,60903
697,1673123,61079
698,1711644,61254
699,2283115,61429
700,2384884,61603
701,1768740,61780
702,1593469,61956
703,1715758,62132
704,1703719,62307
705,1768650,62485
706,1715301,62662
707,1759217,62839
708,1619937,63015
709,1662983,63194
710,1728002,63372
711,1689270,63550
712,1660650,63727
713,1691977,63907
714,1606554,64086
715,1684233,64265
716,1659642,64443
717,1694744,64624
718,1668465,64804
719,1725485,64984
720,1738337,65163
721,1784246,65345
722,1901332,65526
723,1928017,65707
724,1926123,65887
725,1947071,66070
726,1870274,66252
727,1905093,66434
728,1911085,66615
729,1891615,66799
730,1915921,66982
731,1860142,67165
732,1899213,67347
733,1888589,67532
734,1864633,67716
735,1741673,67900
736,1831384,68083
737,3419833,68269
738,3851221,68454
739,4020449,68639
740,3798888,68823
741,3762546,69010
742,3633957,69196
743,3640869,69382
744,3787314,69567
745,3645012,69755
746,3832112,69942
747,2148128,70129
748,2123581,70315
749,3287948,70504
750,3165396,70692
751,3241584,70880
752,3239821,71067
753,2512034,71257
754,1837540,71446
755,2029537,71635
756,2077676,71823
757,2056529,72014
758,1988372,72204
759,2030301,72394
760,2039941,72583
761,1887491,72775
762,2028805,72966
763,2038745,73157
764,2010220,73347
765,1969538,73540
766,2118336,73732
767,2147979,73924
768,2135509,74115
769,1479725,74309
770,1722992,74502
771,1723391,74695
772,1660410,74887
773,1522387,75082
774,1678816,75276
775,1469141,75470
776,1683718,75663
777,1693304,75859
778,1795028,76054
779,1954196,76249
780,2057351,76443
781,1842868,76640
782,1755634,76836
783,1792138,77032
784,1754417,77227
785,1783208,77425
786,2803688,77622
787,3584646,77819
788,3632042,78015
789,1646240,78214
790,2111697,78412
791,1721719,78610
792,2048165,78807
793,2163777,79007
794,1937382,79206
795,2444760,79405
796,3356604,79603
797,3410548,79804
798,2208303,80004
799,1820895,80204
800,1777092,80403
801,1770289,80605
802,1745440,80806
803,1720137,81007
804,1711323,81207
805,1735448,81410
806,1750615,81612
807,1743865,81814
808,2202526,82015
809,2266261,82219
810,2493239,82422
811,3770566,82625
812,3850369,82827
813,3328143,83032
814,3537109,83236
815,3332490,83440
816,3423515,83643
817,3067622,83849
818,2310475,84054
819,2379430,84259
820,2326631,84463
821,2335519,84670
822,3290696,84876
823,2272216,85082
824,2275867,85287
825,2182234,85495
826,1808783,85702
827,1851082,85909
828,2016327,86115
829,1934413,86324
830,2067492,86532
831,3285340,86740
832,3539224,86947
833,4270901,87157
834,4302030,87366
835,2596898,87575
836,2795463,87783
837,2861278,87994
838,2597274,88204
839,2587974,88414
840,2614878,88623
841,2624866,88835
842,2639408,89046
843,2585577,89257
844,2660173,89467
845,2638831,89680
846,2715854,89892
847,3013217,90104
848,2873140,90315
849,2758198,90529
850,2870332,90742
851,2980687,90955
852,2600332,91167
853,2446999,91382
854,2967150,91596
855,3398634,91810
856,4378447,92023
857,5199488,92239
858,8591484,92454
859,5057131,92669
860,6169081,92883
861,3444061,93100
862,3455348,93316
863,3610568,93532
864,3777277,93747
865,9334973,93965
866,5221420,94182
867,5028581,94399
868,4534569,94615
869,4077639,94834
870,3813395,95052
871,3691442,95270
872,4870365,95487
873,4387140,95707
874,3824878,95926
875,3872557,96145
876,4357864,96363
877,3882538,96584
878,3557413,96804
879,3704180,97024
880,3752096,97243
881,4266108,97465
882,4380057,97686
883,4218348,97907
884,4391231,98127
885,4222684,98350
886,4283083,98572
887,4190872,98794
888,4133654,99015
889,3931837,99239
890,3730344,99462
891,3670476,99685
892,4660083,99907
893,4806251,100132
894,4042026,100356
895,3398593,100580
896,3003507,100803
897,2854084,101029
898,3263928,101254
899,2873611,101479
900,3294196,101703
901,3099579,101930
902,3126598,102156
903,3942779,102382
904,3247293,102607
905,3501613,102835
906,4014387,103062
907,3789260,103289
908,3747670,103515
909,5848738,103744
910,7748966,103972
911,7438270,104200
912,7438641,104427
913,5963964,104657
914,3589311,104886
915,3511108,105115
916,3348869,105343
917,3614118,105574
918,3465853,105804
919,3668723,106034
920,3533264,106263
921,3634237,106495
922,3608618,106726
923,4880168,106957
924,3904081,107187
925,3757486,107420
926,3373927,107652
927,3413429,107884
928,3374484,108115
929,3484180,108349
930,3387442,108582
931,3769612,108815
932,3778809,109047
933,3639398,109282
934,4185051,109516
935,3105810,109750
936,3031311,109983
937,3105351,110219
938,2980935,110454
939,2807107,110689
940,2971720,110923
941,2643579,111160
942,2867252,111396
943,2987077,111632
944,2777588,111867
945,3196526,112105
946,3412856,112342
947,3443103,112579
948,3500436,112815
949,3141587,113054
950,3411104,113292
951,2805623,113530
952,3403658,113767
953,3072795,114007
954,3178953,114246
955,3625329,114485
956,3651245,114723
957,3618212,114964
958,3588199,115204
959,2914822,115444
960,3724414,115683
961,3075372,115925
962,2940473,116166
963,3223638,116407
964,3276270,116647
965,3278094,116890
966,3125292,117132
967,3195215,117374
968,5082862,117615
969,6896727,117859
970,5702459,118102
971,5877812,118345
972,6299344,118587
973,4614625,118832
974,5156189,119076
975,6937931,119320
976,4115739,119563
977,3919661,119809
978,4066375,120054
979,3260777,120299
980,3503300,120543
981,3774172,120790
982,3407679,121036
983,3507718,121282
984,4845483,121527
985,4092968,121775
986,4179408,122022
987,4603252,122269
988,4273733,122515
989,4545658,122764
990,4572746,123012
991,4748715,123260
992,4426331,123507
993,4293778,123757
994,4425733,124006
995,4135819,124255
996,3679641,124503
997,3737896,124754
998,3292515,125004
999,3225479,125254
1000,3486860,125503
1001,4356723,125755
1002,3412837,126006
1003,3665606,126257
1004,4292796,126507
1005,3990100,126760
1006,3499332,127012
1007,4679624,127264
1008,4282735,127515
1009,4373957,127769
1010,4411289,128022
1011,4410448,128275
1012,4151870,128527
1013,4091704,128782
1014,4280305,129036
1015,4195915,129290
1016,4114221,129543
1017,4229916,129799
1018,4379256,130054
1019,4516819,130309
1020,4532950,130563
1021,5229099,130820
1022,4554458,131076
1023,4467009,131332
1024,5757294,131587
1025,4642941,131845
1026,4661516,132102
1027,4240857,132359
1028,3513944,132615
1029,3662486,132874
1030,3460032,133132
1031,3400127,133390
1032,3344863,133647
1033,3506075,133907
1034,3480740,134166
1035,3551364,134425
1036,3203560,134683
1037,3249464,134944
1038,4159716,135204
1039,4481252,135464
1040,3836721,135723
1041,3847179,135985
1042,3990701,136246
1043,4537820,136507
1044,4343701,136767
1045,4539415,137030
1046,4309978,137292
1047,6045263,137554
1048,4348578,137815
1049,4388530,138079
1050,5154558,138342
1051,6925221,138605
1052,6781370,138867
1053,4893440,139132
1054,5476015,139396
1055,4461012,139660
1056,4454344,139923
1057,4499018,140189
1058,4331296,140454
1059,4398651,140719
1060,4590731,140983
1061,4792750,141250
1062,5993142,141516
1063,4876147,141782
1064,4330260,142047
1065,4779673,142315
1066,5003044,142582
1067,4925781,142849
1068,5245515,143115
1069,7101771,143384
1070,4736943,143652
1071,4703955,143920
1072,4903852,144187
1073,5293649,144457
1074,4759914,144726
1075,4516874,144995
1076,5020714,145263
1077,4999859,145534
1078,6387714,145804
1079,7833403,146074
1080,7547253,146343
1081,7265917,146615
1082,9330937,146886
1083,8786784,147157
1084,5181797,147427
1085,3800217,147700
1086,4164503,147972
1087,4170577,148244
1088,4787090,148515
1089,4654352,148789
1090,4565126,149062
1091,3995589,149335
1092,4857432,149607
1093,4360060,149882
1094,3953251,150156
1095,3782392,150430
1096,3334625,150703
1097,3587519,150979
1098,3399936,151254
1099,3324062,151529
1100,3698788,151803
1101,4622789,152080
1102,4483453,152356
1103,4699787,152632
1104,4456972,152907
1105,4383032,153185
1106,4632526,153462
1107,4603475,153739
1108,4732820,154015
1109,5064623,154294
1110,3757964,154572
1111,3860794,154850
1112,3630941,155127
1113,3685451,155407
1114,5989269,155686
1115,6749418,155965
1116,5151983,156243
1117,8951343,156524
1118,9686462,156804
1119,9934468,157084
1120,5498758,157363
1121,5703292,157645
1122,5692747,157926
1123,5439187,158207
1124,5080475,158487
1125,5337683,158770
1126,5633918,159052
1127,6673478,159334
1128,5976099,159615
1129,5873867,159899
1130,5815461,160182
1131,6298369,160465
1132,7872794,160747
1133,5555863,161032
1134,6503615,161316
1135,6158044,161600
1136,5951040,161883
1137,5951750,162169
1138,6605056,162454
1139,5789095,162739
1140,5763249,163023
1141,5780719,163310
1142,5457877,163596
1143,4763918,163882
1144,5735190,164167
1145,4435073,164455
1146,4582299,164742
1147,5283796,165029
1148,7869041,165315
1149,8642884,165604
1150,5294206,165892
1151,4735509,166180
1152,5257549,166467
1153,4926825,166757
1154,8546427,167046
1155,9351954,167335
1156,4794216,167623
1157,4625694,167914
1158,4562518,168204
1159,6255978,168494
1160,6582005,168783
1161,4260205,169075
1162,4929056,169366
1163,4931558,169657
1164,4979955,169947
1165,3891450,170240
1166,4025684,170532
1167,3966369,170824
1168,3854856,171115
1169,5381020,171409
1170,4931023,171702
1171,4984854,171995
1172,4842590,172287
1173,4866905,172582
1174,4870936,172876
1175,5195924,173170
1176,5283683,173463
1177,5022277,173759
1178,4789897,174054
1179,4270199,174349
1180,4374151,174643
1181,4351224,174940
1182,6588325,175236
1183,6538329,175532
1184,5139189,175827
1185,4032729,176125
1186,4084861,176422
1187,4053231,176719
1188,5037077,177015
1189,5791171,177314
1190,8615352,177612
1191,8371340,177910
1192,8252487,178207
1193,6901033,178507
1194,5563717,178806
1195,6497509,179105
1196,5567225,179403
1197,7209181,179704
1198,6129033,180004
1199,5963181,180304
1200,5521032,180603
1201,5665582,180905
1202,5657912,181206
1203,5502793,181507
1204,5770764,181807
1205,6386357,182110
1206,5743515,182412
1207,5674436,182714
1208,5636806,183015
1209,5659825,183319
1210,5702251,183622
1211,5447944,183925
1212,5452788,184227
1213,8330635,184532
1214,11178203,184836
1215,5317891,185140
1216,5733923,185443
1217,5619030,185749
1218,5547040,186054
1219,5549752,186359
1220,4993090,186663
1221,5492453,186970
1222,6442650,187276
1223,5037174,141072
1224,3592885,94867
1225,3378550,95023
1226,3475177,95178
1227,3179825,95333
1228,2718247,95487
1229,2732594,95642
1230,2827083,95796
1231,2777524,95950
1232,2907156,96103
1233,2768359,96260
1234,2808239,96416
1235,2916376,96572
1236,2842420,96727
1237,2800919,96883
1238,2819400,97038
1239,2728960,97193
1240,2636236,97347
1241,2627589,97505
1242,2657684,97662
1243,2939413,97819
1244,2828937,97975
1245,2893015,98132
1246,2931977,98288
1247,2939140,98444
1248,2784633,98599
1249,5386593,98758
1250,5505959,98916
1251,5228015,99074
1252,3922143,99231
1253,2905222,99389
1254,3013790,99546
1255,2916240,99703
1256,2874361,99859
1257,2812819,100019
1258,2859054,100178
1259,2905278,100337
1260,2800605,100495
1261,2791317,100654
1262,2885929,100812
1263,3196130,100970
1264,5397514,101127
1265,5235946,101288
1266,5836629,101448
1267,5570657,101608
1268,4458800,101767
1269,2314534,101927
1270,2280063,102086
1271,2307337,102245
1272,2817932,102403
1273,3001192,102565
1274,3373855,102726
1275,2797701,102887
1276,2736924,103047
1277,2721309,103208
1278,2842582,103368
1279,2819782,103528
1280,2815117,103687
1281,2707766,103850
1282,2780970,104012
1283,3014895,104174
1284,2980015,104335
1285,3162038,104497
1286,4375556,104658
1287,5289559,104819
1288,3217233,104979
1289,2626428,105143
1290,3141434,105306
1291,3091499,105469
1292,3049837,105631
1293,5421463,105794
1294,3113395,105956
1295,3278757,106118
1296,3162059,106279
1297,3320605,106444
1298,3556679,106608
1299,3268510,106772
1300,3319621,106935
1301,4098235,107099
1302,7280077,107262
1303,3866161,107425
1304,3729105,107587
1305,3675479,107753
1306,3653117,107918
1307,3471508,108083
1308,3457333,108247
1309,3511180,108412
1310,3469707,108576
1311,5197390,108740
1312,7888631,108903
1313,4597858,109070
1314,4911821,109236
1315,5241712,109402
1316,5558959,109567
1317,4856826,109733
1318,8017363,109898
1319,6152167,110063
1320,4055929,110227
1321,3955788,110395
1322,5531476,110562
1323,5389331,110729
1324,7350017,110895
1325,6185166,111062
1326,5011440,111228
1327,4417259,111394
1328,4327399,111559
1329,3999904,111728
1330,4259035,111896
1331,9112812,112064
1332,10416129,112231
1333,10613401,112399
1334,10621677,112566
1335,10375292,112733
1336,5481289,112899
1337,5011982,113069
1338,7415519,113238
1339,11239170,113407
1340,10943526,113575
1341,9341005,113744
1342,6608027,113912
1343,5710312,114080
1344,7465828,114247
1345,4993672,114418
1346,4791945,114588
1347,5323845,114758
1348,8672265,114927
1349,12578367,115097
1350,8233168,115266
1351,15601215,115435
1352,8549666,115603
1353,9199469,115775
1354,7056305,115946
1355,8350022,116117
1356,10123641,116287
1357,7621888,116458
1358,5670806,116628
1359,5757845,116798
1360,7259234,116967
1361,4974420,117140
1362,5024471,117312
1363,5071816,117484
1364,5055971,117655
1365,6955391,117827
1366,8448160,117998
1367,8739826,118169
1368,8732954,118339
1369,7990818,118513
1370,5278477,118686
1371,5426702,118859
1372,5367878,119031
1373,5143963,119204
1374,5174280,119376
1375,7138886,119548
1376,5057771,119719
1377,5307537,119894
1378,5237732,120068
1379,5493389,120242
1380,6481409,120415
1381,8177649,120589
1382,10933409,120762
1383,11914582,120935
1384,10900361,121107
1385,9885837,121283
1386,5378286,121458
1387,5526430,121633
1388,5861376,121807
1389,5862065,121982
1390,3894253,122156
1391,5233527,122330
1392,4924832,122503
1393,9887842,122680
1394,9005770,122856
1395,5659372,123032
1396,4850975,123207
1397,6282210,123383
1398,5773542,123558
1399,6935132,123733
1400,10034929,123907
1401,6029656,124085
1402,5920261,124262
1403,5876804,124439
1404,6342523,124615
1405,9914975,124792
1406,7020203,124968
1407,6746129,125144
1408,5612811,125319
1409,6058004,125498
1410,7656643,125676
1411,12954854,125854
1412,12410764,126031
1413,7562783,126209
1414,5114979,126386
1415,5759964,126563
1416,5118661,126739
1417,4976362,126919
1418,5042153,127098
1419,4846840,127277
1420,5700940,127455
1421,5399455,127634
1422,5702166,127812
1423,5770970,127990
1424,6660104,128167
1425,9332026,128348
1426,5661212,128528
1427,5455020,128708
1428,5557704,128887
1429,5499942,129067
1430,5506260,129246
1431,5257879,129425
1432,5021266,129603
1433,5174408,129785
1434,5946293,129966
1435,5485707,130147
1436,4696622,130327
1437,4786829,130508
1438,8119282,130688
1439,4617187,130868
1440,5009519,131047
1441,7752723,131230
1442,5998673,131412
1443,11027926,131594
1444,5173980,131775
1445,5825349,131957
1446,5912219,132138
1447,5769342,132319
1448,7132969,132499
1449,5817097,132683
1450,5937035,132866
1451,5874679,133049
1452,5629075,133231
1453,5863281,133414
1454,8814452,133596
1455,5444850,133778
1456,6059866,133959
1457,6118155,134144
1458,5795426,134328
1459,7005454,134512
1460,5802030,134695
1461,5957458,134879
1462,5923331,135062
1463,5696063,135245
1464,5636929,135427
1465,6343774,135613
1466,5327950,135798
1467,5062444,135983
1468,5007100,136167
1469,5121948,136352
1470,5083725,136536
1471,6235808,136720
1472,10048935,136903
1473,6483162,137090
1474,7588879,137276
1475,5681170,137462
1476,8006918,137647
1477,6443534,137833
1478,6972254,138018
1479,5643422,138203
1480,7836939,138387
1481,7213671,138575
1482,6191881,138762
1483,5974654,138949
1484,5917250,139135
1485,5657503,139322
1486,8015922,139508
1487,6522095,139694
1488,6395448,139879
1489,6346139,140068
1490,6060101,140256
1491,7245946,140444
1492,5192101,140631
1493,4696877,140819
1494,4660146,141006
1495,4688621,141193
1496,4740662,141379
1497,5298111,141569
1498,5402666,141758
1499,5316225,141947
1500,5832381,142135
1501,5781607,142324
1502,5789711,142512
1503,5517392,142700
1504,7154075,142887
1505,5305719,143078
1506,5044998,143268
1507,5114056,143458
1508,4897266,143647
1509,5117601,143837
1510,5258389,144026
1511,5300177,144215
1512,4289406,144403
1513,4191168,144595
1514,4580553,144786
1515,4829768,144977
1516,5117442,145167
1517,5519165,145358
1518,7719865,145548
1519,9705551,145738
1520,11147596,145927
1521,7424863,146120
1522,6156542,146312
1523,6123862,146504
1524,6116887,146695
1525,6125058,146887
1526,8724276,147078
1527,10614391,147269
1528,5700222,147459
1529,5195105,147653
1530,5137915,147846
1531,5290957,148039
1532,9190303,148231
1533,5509665,148424
1534,5438565,148616
1535,5585179,148808
1536,5237901,148999
1537,6336446,149194
1538,5257227,149388
1539,5661724,149582
1540,5360472,149775
1541,5500473,149969
1542,5482174,150162
1543,5418836,150355
1544,4628057,150547
1545,5496155,150743
1546,5780104,150938
1547,4717984,151133
1548,4644772,151327
1549,4725033,151522
1550,6392380,151716
1551,5651708,151910
1552,5337900,152103
1553,5671547,152300
1554,5415248,152496
1555,5634933,152692
1556,11367423,152887
1557,10621818,153083
1558,10311785,153278
1559,10342763,153473
1560,8135880,153667
1561,10025189,153865
1562,7099927,154062
1563,9104119,154259
1564,9649217,154455
1565,10312919,154652
1566,9606009,154848
1567,10285652,155044
1568,10232582,155239
1569,9253998,155438
1570,5138977,155636
1571,5171030,155834
1572,5077768,156031
1573,4975768,156229
1574,4655421,156426
1575,4736548,156623
1576,5015269,156819
1577,4939704,157019
1578,4930146,157218
1579,5183744,157417
1580,4845127,157615
1581,4506434,157814
1582,4479506,158012
1583,5276594,158210
1584,4468701,158407
1585,4631764,158608
1586,4712120,158808
1587,4641155,159008
1588,4492240,159207
1589,4329237,159407
1590,4042787,159606
1591,4018806,159805
1592,4894681,160003
1593,10219498,160205
1594,8077636,160406
1595,5013544,160607
1596,4710209,160807
1597,5306297,161008
1598,4868087,161208
1599,5059535,161408
1600,4722343,161607
1601,5042406,161810
1602,5030753,162012
1603,5023677,162214
1604,4547986,162415
1605,4511640,162617
1606,5007084,162818
1607,4903762,163019
1608,5047580,163219
1609,5054985,163423
1610,5007751,163626
1611,4356129,163829
1612,4321800,164031
1613,4289948,164234
1614,4497372,164436
1615,4287581,164638
1616,4100533,164839
1617,6008999,165044
1618,9032443,165248
1619,6695658,165452
1620,4651401,165655
1621,4618041,165859
1622,4801632,166062
1623,5121911,166265
1624,5413482,166467
1625,4405615,166673
1626,5067190,166878
1627,4877679,167083
1628,4802485,167287
1629,3713361,167492
1630,3971797,167696
1631,5696992,167900
1632,4985607,168103
1633,4934873,168310
1634,4971876,168516
1635,8281977,168722
1636,7862715,168927
1637,4143909,169133
1638,5043388,169338
1639,5046299,169543
1640,4779995,169747
1641,4499088,169955
1642,4549715,170162
1643,4531894,170369
1644,5117424,170575
1645,5977225,170782
1646,5357091,170988
1647,5076894,171194
1648,5280536,171399
1649,5414416,171608
1650,5459156,171816
1651,5098964,172024
1652,4923311,172231
1653,5165965,172439
1654,5122294,172646
1655,5186505,172853
1656,5284311,173059
1657,5763324,173269
1658,7672603,173478
1659,8445082,173687
1660,6114842,173895
1661,5215009,174104
1662,5158659,174312
1663,5590085,174520
1664,5232823,174727
1665,5218972,174938
1666,5263915,175148
1667,5133908,175358
1668,5215883,175567
1669,4550818,175777
1670,4361278,175986
1671,4418596,176195
1672,4688256,176403
1673,5473172,176615
1674,5129835,176826
1675,6582154,177037
1676,5186963,177247
1677,5442763,177458
1678,5667757,177668
1679,5582544,177878
1680,5733847,178087
1681,5628898,178300
1682,7100073,178512
1683,5828087,178724
1684,5752165,178935
1685,5769119,179147
1686,5335513,179358
1687,5010928,179569
1688,5156231,179779
1689,5127178,179993
1690,5176999,180206
1691,5728757,180419
1692,5523052,180631
1693,5525016,180844
1694,5362043,181056
1695,6011060,181268
1696,5664760,181479
1697,4756577,181694
1698,4600198,181908
1699,4427717,182122
1700,4654381,182335
1701,4530499,182549
1702,4863099,182762
1703,4595659,182975
1704,6947496,183187
1705,7152022,183403
1706,7203819,183618
1707,5480037,183833
1708,5145763,184047
1709,4179497,184262
1710,5062847,184476
1711,5190607,184690
1712,4348571,184903
1713,5071726,185120
1714,4537683,185336
1715,4456132,185552
1716,4450928,185767
1717,4549343,185983
1718,4707897,186198
1719,5047037,186413
1720,5085487,186627
1721,7978078,186845
1722,6252614,187062
1723,6139297,187279
1724,4943315,187495
1725,4913839,187712
1726,5232688,187928
1727,5938354,188144
1728,5334710,188359
1729,5330120,188578
1730,7368715,188796
1731,7357407,189014
1732,7966616,189231
1733,6271543,189449
1734,9662365,189666
1735,13758293,189883
1736,12826028,190099
1737,12589748,190319
1738,6872930,190538
1739,5335506,190757
1740,5091945,190975
1741,6079936,191194
1742,6237195,191412
1743,7077235,191630
1744,10938932,191847
1745,8827061,192068
1746,6481854,192288
1747,6510898,192508
1748,9687883,192727
1749,7819089,192947
1750,6409402,193166
1751,14938986,193385
1752,7207988,193603
1753,6628423,193825
1754,9495634,194046
1755,10469574,194267
1756,7605433,194487
1757,7529368,194708
1758,7480452,194928
1759,7249417,195148
1760,7756658,195367
1761,7711401,195590
1762,7593758,195812
1763,9659209,196034
1764,8907310,196255
1765,10276707,196477
1766,11203402,196698
1767,10597737,196919
1768,8378093,197139
1769,8075085,197363
1770,7921094,197586
1771,8372745,197809
1772,7285561,198031
1773,6349552,198254
1774,9353436,198476
1775,10085259,198698
1776,7280849,198919
1777,6875821,199144
1778,5460393,199368
1779,5139663,199592
1780,4914844,199815
1781,5691680,200039
1782,4677554,200262
1783,5044392,200485
1784,5068221,200707
1785,5178318,200933
1786,4953972,201158
1787,7521108,201383
1788,5148929,201607
1789,6283782,201832
1790,6691481,202056
1791,6490018,202280
1792,6389556,202503
1793,5850357,202730
1794,5401100,202956
1795,5893257,203182
1796,5792709,203407
1797,6142620,203633
1798,6317629,203858
1799,7589324,204083
1800,6186230,204307
1801,6294134,204535
1802,5911552,204762
1803,5919250,204989
1804,5682428,205215
1805,5119746,205442
1806,5428879,205668
1807,5917885,205894
1808,5479570,206119
1809,6106995,206348
1810,6496688,206576
1811,5854566,206804
1812,5750197,207031
1813,5625561,207259
1814,5757941,207486
1815,5760464,207713
1816,7117971,207939
1817,6422868,208169
1818,12217943,208398
1819,11705652,208627
1820,13306436,208855
1821,7491953,209084
1822,5298992,209312
1823,4844815,209540
1824,5437612,209767
1825,7819405,209998
1826,8191172,210228
1827,5888424,210458
1828,5360881,210687
1829,9002242,210917
1830,7333847,211146
1831,7288980,211375
1832,7445501,211603
1833,8855480,211835
1834,7348157,212066
1835,7918363,212297
1836,7341424,212527
1837,11922812,212758
1838,16288534,212988
1839,15973916,213218
1840,14589995,213447
1841,7474681,213680
1842,7424546,213912
1843,8275235,214144
1844,7415853,214375
1845,7308247,214607
1846,7377214,214838
1847,9469021,215069
1848,11844691,215299
1849,7437467,215533
1850,6917401,215766
1851,7153423,215999
1852,6967834,216231
1853,7681471,216464
1854,6976846,216696
1855,6875179,216928
1856,7430063,217159
1857,5774395,217394
1858,6183207,217628
1859,6702493,217862
1860,6031685,218095
1861,10632652,218329
1862,8599853,218562
1863,8011323,218795
1864,8578367,219027
1865,10117319,219263
1866,8831431,219498
1867,9152259,219733
1868,8921626,219967
1869,12876991,220202
1870,8513623,220436
1871,8218738,220670
1872,9289374,220903
1873,7964932,221140
1874,8080982,221376
1875,7759852,221612
1876,10692105,221847
1877,10985082,222083
1878,8834979,222318
1879,8485648,222553
1880,13607004,222787
1881,8376159,223025
1882,11588987,223262
1883,9420253,223499
1884,8601816,223735
1885,8167331,223972
1886,8204279,224208
1887,7342248,224444
1888,7428652,224679
1889,8312496,224918
1890,8637048,225156
1891,8367003,225394
1892,9902768,225631
1893,8293354,225869
1894,8275815,226106
1895,6694795,226343
1896,6284534,226579
1897,6206864,226819
1898,6345955,227058
1899,6098923,227297
1900,6311342,227535
1901,6287449,227774
1902,6565583,228012
1903,6272366,228250
1904,6207378,228487
1905,6037464,228728
1906,5872633,228968
1907,5679997,229208
1908,5618296,229447
1909,5616379,229687
1910,5453181,229926
1911,5744251,230165
1912,6680056,230403
1913,6478399,230645
1914,6491820,230886
1915,6664678,231127
1916,4063265,231367
1917,10774730,231608
1918,15239626,231848
1919,17689004,232088
1920,14116892,232327
1921,9517168,232570
1922,9780373,232812
1923,8680806,233054
1924,8493059,233295
1925,8177937,233537
1926,8321899,233778
1927,8467679,234019
1928,8579848,234259
1929,8631127,234503
1930,9018323,234746
1931,9173008,234989
1932,8253028,235231
1933,8140298,235474
1934,7623105,235716
1935,8162867,235958
1936,7816368,236199
1937,7163919,236444
1938,6927965,236688
1939,13061671,236932
1940,14240010,237175
1941,10563741,237419
1942,14222018,237662
1943,12485388,237905
1944,7373300,238147
1945,15326969,238393
1946,12081273,238638
1947,11251334,238883
1948,14182326,239127
1949,13695760,239372
1950,7275272,239616
1951,6160532,239860
1952,5619952,240103
1953,6529691,240350
1954,7011882,240596
1955,8354623,240842
1956,7147791,241087
1957,6075705,241333
1958,6044805,241578
1959,5315218,241823
1960,5682399,242067
1961,5097519,242315
1962,8761176,242562
1963,10315929,242809
1964,10721465,243055
1965,8211475,243302
1966,7230511,243548
1967,10893726,243794
1968,12106746,244039
1969,7762489,244288
1970,6849740,244536
1971,6087020,244784
1972,5931277,245031
1973,6161253,245279
1974,6155889,245526
1975,6760019,245773
1976,7714577,246019
1977,7054850,246269
1978,6662237,246518
1979,6488487,246767
1980,4891721,247015
1981,4861081,247264
1982,5175990,247512
1983,6909328,247760
1984,6577920,248007
1985,8555944,248258
1986,7109640,248508
1987,5629665,248758
1988,7505130,249007
1989,7040370,249257
1990,6589769,249506
1991,5846354,249755
1992,5952622,250003
1993,5924625,250255
1994,8366372,250506
1995,8073040,250757
1996,7952671,251007
1997,7724026,251258
1998,9149586,251508
1999,8003717,251758
2000,11185336,252007
2001,11358607,252260
2002,8149884,252512
2003,7767810,252764
2004,8039829,253015
2005,7610219,253267
2006,7543898,253518
2007,8006695,253769
2008,8077846,254019
2009,5734879,254273
2010,6956521,254526
2011,8612279,254779
2012,8537847,255031
2013,9299319,255284
2014,8681831,255536
2015,8492061,255788
2016,9019523,256039
2017,8527380,256294
2018,10774623,256548
2019,10152741,256802
2020,8121916,257055
2021,9101649,257309
2022,11277046,257562
2023,17356623,257815
2024,15730873,258067
2025,12944540,258323
2026,12598377,258578
2027,9094915,258833
2028,7194495,259087
2029,11177941,259342
2030,10775673,259596
2031,15600638,259850
2032,15809356,260103
2033,13335365,260360
2034,24364814,260616
2035,12346674,260872
2036,11928927,261127
2037,11802769,261383
2038,13985550,261638
2039,11191761,261893
2040,13881584,262147
2041,10842010,262405
2042,14396059,262662
2043,13413712,262919
2044,12226505,263175
2045,15377041,263432
2046,11522811,263688
2047,13439269,263944
2048,14136478,264199
2049,10136060,264458
2050,9684130,264716
2051,12235307,264974
2052,6736800,265231
2053,6723711,265489
2054,6112640,265746
2055,8207740,266003
2056,9629277,266259
2057,9613511,266519
2058,9238311,266778
2059,8837164,267037
2060,8573949,267295
2061,8636944,267554
2062,9195283,267812
2063,9154081,268070
2064,8745032,268327
2065,8807442,268588
2066,9663757,268848
2067,8890067,269108
2068,8781286,269367
2069,7921062,269627
2070,8339683,269886
2071,8128340,270145
2072,7934301,270403
2073,7704029,270665
2074,7653373,270926
2075,7663937,271187
2076,7513251,271447
2077,7099788,271708
2078,7625752,271968
2079,6486408,272228
2080,7318129,272487
2081,7228778,272750
2082,7355523,273012
2083,7352861,273274
2084,7831545,273535
2085,8157164,273797
2086,10105959,274058
2087,14743749,274319
2088,15685820,274579
2089,7786416,274843
2090,7399205,275106
2091,12786402,275369
2092,12826033,275631
2093,11640367,275894
2094,8047109,276156
2095,7167430,276418
2096,7033163,276679
2097,7002064,276944
2098,8296074,277208
2099,9267702,277472
2100,8523219,277735
2101,13911918,277999
2102,9590339,278262
2103,8491980,278525
2104,7658372,278787
2105,7852317,279053
2106,6906331,279318
2107,6942605,279583
2108,7390826,279847
2109,9059551,280112
2110,9506617,280376
2111,12766534,280640
2112,15349302,280903
2113,7362436,281170
2114,9100628,281436
2115,9496339,281702
2116,9095406,281967
2117,9807760,282233
2118,7987053,282498
2119,8535690,282763
2120,9050245,283027
2121,8728262,283295
2122,8449505,283562
2123,8152686,283829
2124,8866601,284095
2125,8089572,284362
2126,11196893,284628
2127,13575039,284894
2128,9214615,285159
2129,13654684,285428
2130,8729432,285696
2131,8092419,285964
2132,11961044,286231
2133,12497494,286499
2134,14850059,286766
2135,11749640,287033
2136,7397656,287299
2137,8306744,287569
2138,6354301,287838
2139,6548814,288107
2140,15725387,288375
2141,19094939,288644
2142,17335746,288912
2143,14083549,289180
2144,20927481,289447
2145,21186686,289718
2146,9407838,289988
2147,12142622,290258
2148,12178861,290527
2149,12555281,290797
2150,13045296,291066
2151,10572564,291335
2152,14019559,291603
2153,10453792,291875
2154,9850695,292146
2155,10112112,292417
2156,15583293,292687
2157,11717632,292958
2158,8134768,293228
2159,8182930,293498
2160,8344435,293767
2161,9088438,294040
2162,9040521,294312
2163,8956220,294584
2164,8940805,294855
2165,10232574,295127
2166,11442266,295398
2167,8361093,295669
2168,7148534,295939
2169,6993173,296213
2170,8511616,296486
2171,7508867,296759
2172,8588624,297031
2173,8759898,297304
2174,14682122,297576
2175,8976371,297848
2176,8960955,298119
2177,10098013,298394
2178,8765400,298668
2179,8811437,298942
2180,8412969,299215
2181,8453530,299489
2182,17319416,299762
2183,15254326,300035
2184,7533186,300307
2185,7932978,300583
2186,7997300,300858
2187,8230764,301133
2188,8232729,301407
2189,8316061,301682
2190,8451943,301956
2191,11263158,302230
2192,9885630,302503
2193,8458145,302780
2194,8411005,303056
2195,8090613,303332
2196,8238767,303607
2197,7823403,303883
2198,8012485,304158
2199,8983362,304433
2200,9196606,304707
2201,8858241,304985
2202,9082540,305262
2203,8815420,305539
2204,8714500,305815
2205,8477258,306092
2206,9717154,306368
2207,9516233,306644
2208,10644615,306919
2209,9850479,307198
2210,12347700,307476
2211,11971047,307754
2212,13311399,308031
2213,11157449,308309
2214,8039460,308586
2215,9877418,308863
2216,10202975,309139
2217,11109433,309419
2218,10870266,309698
2219,10489733,309977
2220,18199632,310255
2221,9521023,310534
2222,10932147,310812
2223,10582511,311090
2224,10166720,311367
2225,13698964,311648
2226,12348472,311928
2227,18650417,312208
2228,10983291,312487
2229,10546052,312767
2230,14157854,313046
2231,19608694,313325
2232,9676707,313603
2233,11557279,313885
2234,11047295,314166
2235,11071351,314447
2236,18042349,314727
2237,11511745,315008
2238,10029849,315288
2239,9955269,315568
2240,11060915,315847
2241,11049070,316130
2242,11209345,316412
2243,11162554,316694
2244,10974340,316975
2245,11792977,317257
2246,10672938,317538
2247,10402882,317819
2248,11594869,318099
2249,10520767,318383
2250,9960125,318666
2251,13048925,318949
2252,18009204,319231
2253,10177611,319514
2254,8737458,319796
2255,11995852,320078
2256,11723657,320359
2257,15259483,320644
2258,10491200,320928
2259,11262723,321212
2260,18198147,321495
2261,16361721,321779
2262,14267281,322062
2263,8504674,322345
2264,9669501,322627
2265,8884520,322913
2266,8212606,323198
2267,8218826,323483
2268,8815143,323767
2269,8754842,324052
2270,9187268,324336
2271,8772711,324620
2272,8902466,324903
2273,10175946,325190
2274,9903115,325476
2275,9695725,325762
2276,10136208,326047
2277,9313002,326333
2278,9187843,326618
2279,9580664,326903
2280,10005656,327187
2281,9675593,327475
2282,10560828,327762
2283,10966694,328049
2284,8579504,328335
2285,8212524,328622
2286,10365455,328908
2287,11036532,329194
2288,10004819,329479
2289,9729487,329768
2290,8290091,330056
2291,9991163,330344
2292,9489512,330631
2293,9292475,330919
2294,7787752,331206
2295,7674108,331493
2296,8803873,331779
2297,9476354,332069
2298,9528473,332358
2299,9859277,332647
2300,9205337,332935
2301,9671244,333224
2302,9716408,333512
2303,9188405,333800
2304,9708540,334087
2305,8723408,334378
2306,9283660,334668
2307,9585693,334958
2308,12388626,335247
2309,10339075,335537
2310,10342471,335826
2311,10291227,336115
2312,9962994,336403
2313,9916010,336695
2314,10093354,336986
2315,9877185,337277
2316,9139428,337567
2317,10251277,337858
2318,9460354,338148
2319,9214735,338438
2320,8974249,338727
2321,8948755,339020
2322,9266167,339312
2323,8826046,339604
2324,8613596,339895
2325,12163337,340187
2326,10757298,340478
2327,10097008,340769
2328,7999943,341059
2329,8078515,341353
2330,8486255,341646
2331,8319200,341939
2332,10120213,342231
2333,8003229,342524
2334,8029056,342816
2335,10027007,343108
2336,9546002,343399
2337,10329478,343694
2338,9526652,343988
2339,8826748,344282
2340,8309802,344575
2341,8901502,344869
2342,8381906,345162
2343,9135575,345455
2344,12512583,345747
2345,9989251,346043
2346,9866302,346338
2347,13066585,346633
2348,10653579,346927
2349,10323302,347222
2350,12387440,347516
2351,16783760,347810
2352,10154041,348103
2353,17517964,348400
2354,10403758,348696
2355,9661972,348992
2356,9982913,349287
2357,10297185,349583
2358,9643251,349878
2359,9017202,350173
2360,9202570,350467
2361,9045809,350765
2362,9153158,351062
2363,8555182,351359
2364,7687886,351655
2365,7497622,351952
2366,8493829,352248
2367,8330710,352544
2368,8426795,352839
2369,10266021,353138
2370,10536373,353436
2371,9142746,353734
2372,9555139,354031
2373,9656833,354329
2374,10456301,354626
2375,10378245,354923
2376,10369298,355219
2377,11541076,355519
2378,10583157,355818
2379,10053184,356117
2380,9241299,356415
2381,11278390,356714
2382,11179573,357012
2383,10514892,357310
2384,12600950,357607
2385,10560739,357908
2386,11045912,358208
2387,18564673,358508
2388,10067518,358807
2389,9684005,359107
2390,11968780,359406
2391,9993088,359705
2392,9917973,360003
2393,10834641,360305
2394,10318640,360606
2395,10172892,360907
2396,10189948,361207
2397,13876133,361508
2398,17959442,361808
2399,9755973,362108
2400,7776321,362407
2401,7750626,362710
2402,8677248,363012
2403,7612966,363314
2404,7636618,363615
2405,7572736,363917
2406,8054883,364218
2407,8637711,364519
2408,8038022,364819
2409,7644832,365123
2410,7947046,365426
2411,10564742,365729
2412,9530138,366031
2413,9815770,366334
2414,9183936,366636
2415,9048882,366938
2416,9290240,367239
2417,9642747,367544
2418,9206060,367848
2419,8766610,368152
2420,8912298,368455
2421,10011200,368759
2422,14334389,369062
2423,11194555,369365
2424,12350694,369667
2425,10737021,369973
2426,11275090,370278
2427,12884666,370583
2428,12188570,370887
2429,10945881,371192
2430,10218038,371496
2431,10310298,371800
2432,10412674,372103
2433,11747410,372410
2434,11312076,372716
2435,11951974,373022
2436,11653162,373327
2437,11668540,373633
2438,9452452,373938
2439,9263321,374243
2440,9129300,374547
2441,9220652,374855
2442,8726014,375162
2443,10234927,375469
2444,10205469,375775
2445,10462016,329572
2446,8685037,283368
2447,5908204,237164
2448,9323652,190959
2449,9123583,191116
2450,6627124,191272
2451,7291412,191428
2452,7050379,191583
2453,7633957,191739
2454,5942271,191894
2455,5837162,192049
2456,8322851,192203
2457,10426406,192359
2458,8449334,192514
2459,7378278,192669
2460,7290729,192823
2461,7222523,192978
2462,7098101,193132
2463,7104264,193286
2464,7050197,193439
2465,8001207,193597
2466,6651280,193754
2467,7751897,193911
2468,6830832,194067
2469,6691389,194224
2470,6280580,194380
2471,8070689,194536
2472,12407683,194691
2473,6289728,194848
2474,5514761,195004
2475,5265099,195160
2476,5994043,195315
2477,7356469,195471
2478,5756545,195626
2479,6056013,195781
2480,5860507,195935
2481,6983278,196094
2482,5992229,196252
2483,8179094,196410
2484,6022548,196567
2485,5612110,196725
2486,6208991,196882
2487,6854359,197039
2488,5958720,197195
2489,5684924,197353
2490,7615422,197510
2491,13413992,197667
2492,6592991,197823
2493,5770690,197980
2494,6078677,198136
2495,6394249,198292
2496,7427153,198447
2497,10373578,198607
2498,6874984,198766
2499,6131183,198925
2500,7246591,199083
2501,6719506,199242
2502,6203955,199400
2503,5742960,199558
2504,5535932,199715
2505,6817645,199874
2506,9987216,200032
2507,6500280,200190
2508,12674892,200347
2509,5159429,200505
2510,5862679,200662
2511,7177884,200819
2512,7620634,200975
2513,14407024,201136
2514,14588401,201296
2515,11080872,201456
2516,7270813,201615
2517,6489082,201775
2518,7075139,201934
2519,6252071,202093
2520,7095818,202251
2521,6611603,202411
2522,6477547,202570
2523,6437894,202729
2524,6888083,202887
2525,7003397,203046
2526,7097580,203204
2527,6470336,203362
2528,6429441,203519
2529,6043517,203681
2530,5936285,203842
2531,5959129,204003
2532,6075512,204163
2533,5828063,204324
2534,7859074,204484
2535,7846152,204644
2536,5613299,204803
2537,5947531,204964
2538,5926733,205124
2539,5659315,205284
2540,5689175,205443
2541,6668187,205603
2542,8406277,205762
2543,8044489,205921
2544,12346367,206079
2545,12061481,206242
2546,6428271,206404
2547,9876071,206566
2548,7900613,206727
2549,7567212,206889
2550,9303044,207050
2551,8899186,207211
2552,9705423,207371
2553,10533924,207533
2554,10109517,207694
2555,10971576,207855
2556,10007888,208015
2557,10470711,208176
2558,12791373,208336
2559,17892612,208496
2560,9114654,208655
2561,10128097,208819
2562,10963624,208982
2563,14544169,209145
2564,12289059,209307
2565,10708517,209470
2566,13772319,209632
2567,19875283,209794
2568,14067928,209955
2569,19310902,210118
2570,11670935,210280
2571,10176781,210442
2572,9507777,210603
2573,18730765,210765
2574,14729394,210926
2575,13977973,211087
2576,9041158,211247
2577,8514416,211412
2578,8068213,211576
2579,8512157,211740
2580,7803066,211903
2581,7787200,212067
2582,9335603,212230
2583,7946153,212393
2584,7682697,212555
2585,7287977,212719
2586,6802839,212882
2587,7378620,213045
2588,7344117,213207
2589,7104307,213370
2590,7408103,213532
2591,6730155,213694
2592,7057475,213855
2593,7819689,214021
2594,7182637,214186
2595,7201934,214351
2596,9530450,214515
2597,7390120,214680
2598,7234032,214844
2599,7378875,215008
2600,9061186,215171
2601,7526996,215336
2602,7480064,215500
2603,7365881,215664
2604,7809597,215827
2605,7768509,215991
2606,7377691,216154
2607,7261453,216317
2608,7080542,216479
2609,8162878,216646
2610,8220788,216812
2611,6772968,216978
2612,6674204,217143
2613,6902702,217309
2614,8135557,217474
2615,6951397,217639
2616,8033117,217803
2617,13551295,217969
2618,11124770,218134
2619,9537749,218299
2620,11502918,218463
2621,8991345,218628
2622,16434110,218792
2623,12781886,218956
2624,9637538,219119
2625,9088789,219287
2626,8558515,219454
2627,10883166,219621
2628,8107779,219787
2629,7956332,219954
2630,7865302,220120
2631,7636566,220286
2632,9025825,220451
2633,8683478,220618
2634,8691508,220784
2635,9502958,220950
2636,8369581,221115
2637,6665996,221281
2638,5548837,221446
2639,9976851,221611
2640,13207968,221775
2641,10991642,221944
2642,8615689,222112
2643,7058547,222280
2644,6893789,222447
2645,6862578,222615
2646,10098404,222782
2647,8249721,222949
2648,7114409,223115
2649,8430164,223283
2650,5861768,223450
2651,6815231,223617
2652,7406892,223783
2653,7613276,223950
2654,7627488,224116
2655,7757864,224282
2656,8619126,224447
2657,7593803,224617
2658,7500438,224786
2659,7494990,224955
2660,8001417,225123
2661,5946886,225292
2662,5742424,225460
2663,5849454,225628
2664,5657641,225795
2665,5817984,225964
2666,6108127,226132
2667,5886288,226300
2668,6225078,226467
2669,6299268,226635
2670,5658084,226802
2671,13396606,226969
2672,14264633,227135
2673,15845625,227306
2674,9839350,227476
2675,7051853,227646
2676,7658200,227815
2677,6771418,227985
2678,5839567,228154
2679,5552844,228323
2680,7352988,228491
2681,9290717,228661
2682,10683365,228830
2683,10468219,228999
2684,10646570,229167
2685,8326917,229336
2686,6623313,229504
2687,8457509,229672
2688,11933741,229839
2689,11765180,230011
2690,7275684,230182
2691,7470744,230353
2692,6231183,230523
2693,7984934,230694
2694,7809771,230864
2695,8794166,231034
2696,8087958,231203
2697,8092905,231374
2698,8658707,231544
2699,8411254,231714
2700,8124999,231883
2701,7712176,232053
2702,6150985,232222
2703,6279319,232391
2704,6639307,232559
2705,7285792,232732
2706,6801339,232904
2707,7584075,233076
2708,7434628,233247
2709,6900985,233419
2710,6855299,233590
2711,10212775,233761
2712,7064280,233931
2713,6870334,234103
2714,7044395,234274
2715,8600678,234445
2716,8171134,234615
2717,7449085,234786
2718,7333084,234956
2719,7127890,235126
2720,5805116,235295
2721,6164025,235469
2722,6013828,235642
2723,6445535,235815
2724,6849429,235987
2725,7146668,236160
2726,5940083,236332
2727,5925697,236504
2728,6392383,236675
2729,7168646,236848
2730,7231228,237020
2731,6550502,237192
2732,5639511,237363
2733,5896094,237535
2734,5675145,237706
2735,5631639,237877
2736,7015376,238047
2737,6094056,238222
2738,6061240,238396
2739,5825671,238570
2740,5895045,238743
2741,5758356,238917
2742,6198904,239090
2743,10141353,239263
2744,11826588,239435
2745,7409712,239609
2746,7493482,239782
2747,7991599,239955
2748,7476657,240127
2749,9515290,240300
2750,10610319,240472
2751,8610617,240644
2752,8688874,240815
2753,8742687,240991
2754,10184907,241166
2755,12204576,241341
2756,9243908,241515
2757,12000568,241690
2758,12897162,241864
2759,8212343,242038
2760,7688855,242211
2761,8254864,242386
2762,8076036,242560
2763,6695890,242734
2764,6877442,242907
2765,7343561,243081
2766,7693120,243254
2767,7991346,243427
2768,8009941,243599
2769,12651147,243776
2770,10351014,243952
2771,8047934,244128
2772,7936903,244303
2773,15501781,244479
2774,8557299,244654
2775,9382896,244829
2776,9859215,245003
2777,7596876,245179
2778,7949353,245354
2779,8298143,245529
2780,10901216,245703
2781,7771722,245878
2782,9579129,246052
2783,13339704,246226
2784,16762458,246399
2785,8974819,246577
2786,7173440,246754
2787,6982227,246931
2788,7828638,247107
2789,10289193,247284
2790,8741002,247460
2791,8375853,247636
2792,7744277,247811
2793,8546574,247988
2794,8214018,248164
2795,6856352,248340
2796,6779897,248515
2797,7897390,248691
2798,6443600,248866
2799,6630806,249041
2800,6484113,249215
2801,8008794,249394
2802,8707839,249572
2803,8721075,249750
2804,13393192,249927
2805,13135351,250105
2806,16590977,250282
2807,16226399,250459
2808,15761458,250635
2809,11540879,250813
2810,7543163,250990
2811,7535388,251167
2812,7567400,251343
2813,9498517,251520
2814,8688556,251696
2815,14058402,251872
2816,13083988,252047
2817,7771437,252227
2818,7957032,252406
2819,8048090,252585
2820,8630342,252763
2821,12324940,252942
2822,7221202,253120
2823,6264222,253298
2824,7140168,253475
2825,7280432,253654
2826,7849332,253832
2827,8037466,254010
2828,10686000,254187
2829,10709915,254365
2830,16040332,254542
2831,11341146,254719
2832,8345035,254895
2833,9393565,255076
2834,13822273,255256
2835,8293039,255436
2836,9344678,255615
2837,9409763,255795
2838,8630691,255974
2839,8596284,256153
2840,7261420,256331
2841,7529418,256511
2842,12357041,256690
2843,16496539,256869
2844,18114851,257047
2845,8414784,257226
2846,13029798,257404
2847,13083372,257582
2848,16234126,257759
2849,11549957,257941
2850,10869075,258122
2851,9864137,258303
2852,9840121,258483
2853,11120052,258664
2854,11427300,258844
2855,10882811,259024
2856,14454942,259203
2857,10627678,259384
2858,10191080,259564
2859,11428331,259744
2860,11577647,259923
2861,10306586,260103
2862,10568033,260282
2863,10299030,260461
2864,10456908,260639
2865,10886273,260822
2866,14932322,261004
2867,10258457,261186
2868,11506829,261367
2869,13065009,261549
2870,13533908,261730
2871,14476268,261911
2872,10350932,262091
2873,14239771,262273
2874,11050501,262454
2875,10406647,262635
2876,11717485,262815
2877,18706535,262996
2878,9942040,263176
2879,9752049,263356
2880,9855602,263535
2881,9767245,263719
2882,9416889,263902
2883,9758042,264085
2884,9336281,264267
2885,9558050,264450
2886,9116656,264632
2887,9183139,264814
2888,9054999,264995
2889,8604988,265178
2890,8373398,265360
2891,9013752,265542
2892,9107454,265723
2893,7945707,265905
2894,8854247,266086
2895,8274240,266267
2896,10260249,266447
2897,8400791,266632
2898,11419471,266816
2899,16605676,267000
2900,14197636,267183
2901,14285324,267367
2902,14116276,267550
2903,16079077,267733
2904,15836603,267915
2905,11036982,268099
2906,7866033,268282
2907,8004004,268465
2908,12150102,268647
2909,16012999,268830
2910,9684130,269012
2911,7671497,269194
2912,8939931,269375
2913,8267091,269561
2914,8292566,269746
2915,8778695,269931
2916,8417385,270115
2917,8561045,270300
2918,8856662,270484
2919,12002426,270668
2920,9177233,270851
2921,9550020,271036
2922,10240958,271220
2923,8999835,271404
2924,8422023,271587
2925,10237540,271771
2926,14270969,271954
2927,14505104,272137
2928,8712657,272319
2929,8817279,272506
2930,9117075,272692
2931,9204005,272878
2932,8506852,273063
2933,8785264,273249
2934,8194923,273434
2935,7278084,273619
2936,8087096,273803
2937,9497540,273989
2938,11388338,274174
2939,9873840,274359
2940,10628925,274543
2941,8144407,274728
2942,8382941,274912
2943,8624441,275096
2944,11090457,275279
2945,7677769,275467
2946,7881741,275654
2947,7695244,275841
2948,8397967,276027
2949,8024789,276214
2950,8249233,276400
2951,7768910,276586
2952,9578630,276771
2953,8850983,276958
2954,9050310,277144
2955,8299057,277330
2956,9026033,277515
2957,9445719,277701
2958,6885711,277886
2959,7372030,278071
2960,9058182,278255
2961,10140057,278444
2962,9112193,278632
2963,9102695,278820
2964,10517310,279007
2965,9217452,279195
2966,8784930,279382
2967,12236364,279569
2968,11648158,279755
2969,9324227,279943
2970,10180753,280130
2971,10790384,280317
2972,9918857,280503
2973,11490910,280690
2974,11414806,280876
2975,17585676,281062
2976,13588332,281247
2977,11276765,281437
2978,10964544,281626
2979,11441282,281815
2980,11560935,282003
2981,10701701,282192
2982,10928988,282380
2983,9482991,282568
2984,8586482,282755
2985,10232422,282944
2986,17068041,283132
2987,10193357,283320
2988,10022214,283507
2989,9845143,283695
2990,9642315,283882
2991,11786686,284069
2992,9222814,284255
2993,9193616,284446
2994,10610477,284636
2995,12007456,284826
2996,11785567,285015
2997,13032030,285205
2998,9309689,285394
2999,7102461,285583
3000,7320855,285771
3001,7400350,285961
3002,8942744,286150
3003,7478283,286339
3004,8693008,286527
3005,9074504,286716
3006,10489924,286904
3007,14543401,287092
3008,11103907,287279
3009,8974187,287471
3010,9065903,287662
3011,10246105,287853
3012,15105998,288043
3013,9982572,288234
3014,7439709,288424
3015,8255976,288614
3016,7890502,288803
3017,8532895,288994
3018,8589359,289184
3019,9339764,289374
3020,11107879,289563
3021,9817259,289753
3022,13138688,289942
3023,21961114,290131
3024,23561747,290319
3025,17416198,290512
3026,11439494,290704
3027,12593529,290896
3028,12956396,291087
3029,13499861,291279
3030,11630531,291470
3031,16228250,291661
3032,21234627,291851
3033,23075740,292043
3034,18885067,292234
3035,27084064,292425
3036,22785773,292615
3037,16761194,292806
3038,16415322,292996
3039,14430565,293186
3040,14380881,293375
3041,12727272,293569
3042,14544134,293762
3043,11309012,293955
3044,10366412,294147
3045,11701121,294340
3046,12911720,294532
3047,9677460,294724
3048,9297096,294915
3049,9347754,295108
3050,11629028,295300
3051,11115084,295492
3052,14938022,295683
3053,11034376,295875
3054,11457694,296066
3055,10189502,296257
3056,10133260,296447
3057,10985091,296642
3058,13179455,296836
3059,18943982,297030
3060,10395223,297223
3061,9456658,297417
3062,9033719,297610
3063,13557496,297803
3064,9359417,297995
3065,9513171,298189
3066,9442740,298382
3067,9292062,298575
3068,9090926,298767
3069,10367612,298960
3070,13985863,299152
3071,11749113,299344
3072,10996094,299535
3073,11103208,299731
3074,10005536,299926
3075,10218849,300121
3076,10286047,300315
3077,9598742,300510
3078,10963479,300704
3079,14448664,300898
3080,10524763,301091
3081,10845033,301286
3082,12205660,301480
3083,11157449,301674
3084,9211272,301867
3085,8986054,302061
3086,10844726,302254
3087,10683729,302447
3088,10945399,302639
3089,10769894,302836
3090,9181188,303032
3091,8796495,303228
3092,9241947,303423
3093,10240776,303619
3094,9604661,303814
3095,8400483,304009
3096,14192898,304203
3097,18440836,304399
3098,12637206,304594
3099,15188433,304789
3100,10639460,304983
3101,14817860,305178
3102,10960174,305372
3103,10512965,305566
3104,10440218,305759
3105,10268096,305957
3106,9972805,306154
3107,12179011,306351
3108,10657499,306547
3109,10698558,306744
3110,10173878,306940
3111,10006395,307136
3112,9921248,307331
3113,10128329,307528
3114,18963461,307724
3115,13517420,307920
3116,11009385,308115
3117,11118735,308311
3118,12605690,308506
3119,11845026,308701
3120,11829291,308895
3121,13607055,309094
3122,12564161,309292
3123,9981345,309490
3124,12408862,309687
3125,10759061,309885
3126,10230818,310082
3127,12706563,310279
3128,12667832,310475
3129,12339871,310673
3130,10699534,310870
3131,11926177,311067
3132,17227747,311263
3133,23698551,311460
3134,13161098,311656
3135,12469859,311852
3136,12690407,312047
3137,13744576,312247
3138,12741495,312446
3139,14870069,312645
3140,12075314,312843
3141,11815968,313042
3142,14918241,313240
3143,19916895,313438
3144,13699135,313635
3145,23388349,313834
3146,22426351,314032
3147,12076283,314230
3148,13529786,314427
3149,10091386,314625
3150,13439443,314822
3151,11470018,315019
3152,11403405,315215
3153,10809694,315416
3154,11165193,315616
3155,10762178,315816
3156,11896963,316015
3157,9657610,316215
3158,9587440,316414
3159,12773428,316613
3160,13957536,316811
3161,11688432,317011
3162,11806433,317210
3163,12365160,317409
3164,11737176,317607
3165,20688271,317806
3166,13177139,318004
3167,21848916,318202
3168,11886393,318399
3169,11216682,318601
3170,19611714,318802
3171,10970381,319003
3172,18914713,319203
3173,12887934,319404
3174,11316838,319604
3175,11738154,319804
3176,12408865,320003
3177,15336350,320204
3178,14478424,320404
3179,18933465,320604
3180,12805246,320803
3181,17647060,321003
3182,15270283,321202
3183,17984840,321401
3184,15453788,321599
3185,25459681,321802
3186,26523239,322004
3187,25410745,322206
3188,22308091,322407
3189,13012642,322609
3190,12952903,322810
3191,12604614,323011
3192,14493787,323211
3193,16222266,323413
3194,13071810,323614
3195,19435957,323815
3196,12633266,324015
3197,12787001,324216
3198,12623236,324416
3199,15950356,324616
3200,18239581,324815
3201,14451074,325019
3202,18381637,325222
3203,15321385,325425
3204,21535572,325627
3205,22058720,325830
3206,22643954,326032
3207,39245703,326234
3208,24129984,326435
3209,24121362,326638
3210,24166315,326840
3211,27719321,327042
3212,13360561,327243
3213,12646564,327445
3214,15716961,327646
3215,12815333,327847
3216,14248968,328047
3217,12753162,328252
3218,10644543,328456
3219,9635298,328660
3220,14031785,328863
3221,9944607,329067
3222,11587790,329270
3223,11399291,329473
3224,11662930,329675
3225,11878211,329879
3226,12388578,330082
3227,11352194,330285
3228,11111210,330487
3229,12490940,330690
3230,10955612,330892
3231,10165622,331094
3232,12561733,331295
3233,11511705,331501
3234,11611397,331706
3235,11638742,331911
3236,11509165,332115
3237,11945321,332320
3238,15120180,332524
3239,10618540,332728
3240,14831820,332931
3241,21690176,333136
3242,22025877,333340
3243,13343612,333544
3244,12147405,333747
3245,10874262,333951
3246,8567646,334154
3247,11242589,334357
3248,11278938,334559
3249,9214144,334766
3250,10450527,334972
3251,11660935,335178
3252,11426622,335383
3253,16231290,335589
3254,11319923,335794
3255,10095354,335999
3256,10931484,336203
3257,11627122,336409
3258,11125930,336614
3259,10954893,336819
3260,10688680,337023
3261,11064727,337228
3262,11851408,337432
3263,11415681,337636
3264,11292877,337839
3265,10857566,338047
3266,10888068,338254
3267,9007767,338461
3268,9918914,338667
3269,21449778,338874
3270,16490157,339080
3271,11043476,339286
3272,11635284,339491
3273,11311669,339698
3274,12288104,339904
3275,11545724,340110
3276,13097270,340315
3277,11481094,340521
3278,11336529,340726
3279,11796034,340931
3280,10098226,341135
3281,11688470,341344
3282,14141500,341552
3283,12582640,341760
3284,11598442,341967
3285,12281618,342175
3286,11075269,342382
3287,10574629,342589
3288,12414797,342795
3289,10399218,343003
3290,11757342,343210
3291,10391092,343417
3292,9870354,343623
3293,10776827,343830
3294,12213057,344036
3295,10808555,344242
3296,8921971,344447
3297,10038115,344657
3298,11035414,344866
3299,11068892,345075
3300,15875720,345283
3301,11686040,345492
3302,11773607,345700
3303,14217660,345908
3304,14491428,346115
3305,12637048,346324
3306,11081639,346532
3307,10801399,346740
3308,13315486,346947
3309,21441174,347155
3310,12638347,347362
3311,11703916,347569
3312,11212727,347775
3313,11636739,347986
3314,10982185,348196
3315,11141251,348406
3316,11423903,348615
3317,10958606,348825
3318,11231617,349034
3319,11606330,349243
3320,10647620,349451
3321,10684359,349661
3322,12621294,349870
3323,11246001,350079
3324,11100405,350287
3325,12427840,350496
3326,11595834,350704
3327,11903353,350912
3328,12023269,351119
3329,11877903,351331
3330,12798113,351542
3331,11339027,351753
3332,11600386,351963
3333,15029459,352174
3334,13747680,352384
3335,11779637,352594
3336,9612646,352803
3337,9426325,353014
3338,13955963,353224
3339,15054623,353434
3340,11131206,353643
3341,11392324,353853
3342,11655921,354062
3343,11970137,354271
3344,11698632,354479
3345,9690902,354692
3346,10787241,354904
3347,11561176,355116
3348,11696979,355327
3349,11685141,355539
3350,11408683,355750
3351,14428411,355961
3352,16165325,356171
3353,12579791,356383
3354,10885275,356594
3355,11238403,356805
3356,10346266,357015
3357,10501453,357226
3358,11180773,357436
3359,11619025,357646
3360,11099685,357855
3361,11198012,358069
3362,11068057,358282
3363,10947145,358495
3364,9916648,358707
3365,11916399,358920
3366,11205004,359132
3367,11450379,359344
3368,11004599,359555
3369,10059340,359768
3370,11305863,359980
3371,10937088,360192
3372,12764321,360403
3373,10739587,360615
3374,9101802,360826
3375,10510323,361037
3376,10890212,361247
3377,10192031,361462
3378,10540277,361676
3379,9955200,361890
3380,9911812,362103
3381,10919768,362317
3382,10761862,362530
3383,10583085,362743
3384,11587452,362955
3385,11897324,363169
3386,12258578,363382
3387,14300596,363595
3388,11931906,363807
3389,10957635,364020
3390,11089653,364232
3391,10855488,364444
3392,11643881,364655
3393,11840064,364871
3394,10269059,365086
3395,9348485,365301
3396,11434514,365515
3397,11679487,365730
3398,13028475,365944
3399,11781137,366158
3400,12070895,366371
3401,11039431,366586
3402,11457326,366800
3403,11948591,367014
3404,19123644,367227
3405,21610538,367441
3406,14043592,367654
3407,9253584,367867
3408,12173492,368079
3409,12151796,368296
3410,11671291,368512
3411,11846800,368728
3412,12169265,368943
3413,10970151,369159
3414,10938142,369374
3415,21856319,369589
3416,13393697,369803
3417,12481313,370019
3418,12417812,370234
3419,14123955,370449
3420,15319199,370663
3421,9902571,370878
3422,17369597,371092
3423,12890817,371306
3424,13824976,371519
3425,11948735,371737
3426,11895629,371954
3427,16370634,372171
3428,12577591,372387
3429,13879651,372604
3430,24076905,372820
3431,16245697,373036
3432,10887285,373251
3433,12401061,373468
3434,11715199,373684
3435,14510750,373900
3436,15175540,374115
3437,14593470,374331
3438,14002797,374546
3439,23035411,374761
3440,13177313,374975
3441,11604771,375194
3442,14764955,375412
3443,12631450,375630
3444,11701496,375847
3445,11669268,376065
3446,10728745,376282
3447,9397056,376499
3448,9672067,376715
3449,11035564,376933
3450,9326159,377150
3451,11511011,377367
3452,11270780,377583
3453,11546059,377800
3454,10700378,378016
3455,9979994,378232
3456,8731150,378447
3457,15109610,378667
3458,13432296,378886
3459,10984097,379105
3460,11016390,379323
3461,9873912,379542
3462,9408852,379760
3463,12335894,379978
3464,17783723,380195
3465,11309761,380414
3466,11789690,380632
3467,14156772,380850
3468,11288241,381067
3469,13141701,381285
3470,14947329,381502
3471,14575360,381719
3472,12647287,381935
3473,11199644,382156
3474,14775605,382376
3475,11182985,382596
3476,11133358,382815
3477,11245169,383035
3478,20527910,383254
3479,16149685,383473
3480,11695984,383691
3481,11841577,383911
3482,10718739,384130
3483,9733407,384349
3484,9330711,384567
3485,10261000,384786
3486,10924197,385004
3487,11868976,385222
3488,11889122,385439
3489,11119996,385661
3490,10987503,385882
3491,9250382,386103
3492,11167881,386323
3493,11460392,386544
3494,11057897,386764
3495,10104529,386984
3496,9041400,387203
3497,11209095,387424
3498,14219207,387644
3499,20817475,387864
3500,19644035,388083
3501,9719990,388303
3502,11692153,388522
3503,15688565,388741
3504,12232326,388959
3505,12999690,389182
3506,12466992,389404
3507,12612298,389626
3508,14611151,389847
3509,22362913,390069
3510,13601393,390290
3511,13183658,390511
3512,17282767,390731
3513,21653474,390953
3514,18550938,391174
3515,13044420,391395
3516,13466267,391615
3517,12840031,391836
3518,13027428,392056
3519,16061423,392276
3520,14488570,392495
3521,10573061,392719
3522,10564812,392942
3523,11811897,393165
3524,16576450,393387
3525,20333079,393610
3526,12113248,393832
3527,11926259,394054
3528,12378084,394275
3529,13096105,394498
3530,12741456,394720
3531,20959791,394942
3532,11137118,395163
3533,18873589,395385
3534,19257055,395606
3535,12450322,395827
3536,15377279,396047
3537,10961510,396272
3538,16013769,396496
3539,19835481,396720
3540,18506320,396943
3541,12527335,397167
3542,14008048,397390
3543,12441360,397613
3544,19410019,397835
3545,14014310,398059
3546,12149286,398282
3547,11898583,398505
3548,12818431,398727
3549,13147897,398950
3550,12800702,399172
3551,12245524,399394
3552,10529907,399615
3553,13267840,399841
3554,14782946,400066
3555,12641934,400291
3556,12043552,400515
3557,12860275,400740
3558,10903348,400964
3559,11933751,401188
3560,11887392,401411
3561,11624008,401636
3562,11423050,401860
3563,11499122,402084
3564,13831480,402307
3565,17805965,402531
3566,10967953,402754
3567,11166094,402977
3568,11428603,403199
3569,10256368,403426
3570,11040721,403652
3571,17097157,403878
3572,12544338,404103
3573,14312153,404329
3574,12604649,404554
3575,12293722,404779
3576,11603497,405003
3577,12618742,405229
3578,12663284,405454
3579,11996990,405679
3580,12178694,405903
3581,12190464,406128
3582,12067438,406352
3583,10340158,406576
3584,10131082,406799
3585,11200801,407027
3586,11016768,407254
3587,10452974,407481
3588,12682431,407707
3589,12435740,407934
3590,18175370,408160
3591,14092962,408386
3592,13063028,408611
3593,12729177,408838
3594,12457765,409064
3595,12378199,409290
3596,12010564,409515
3597,12350456,409741
3598,13894443,409966
3599,12822792,410191
3600,12829473,410415
3601,11603000,410644
3602,11429480,410872
3603,11641353,411100
3604,11758873,411327
3605,13853227,411555
3606,16529335,411782
3607,14572514,412009
3608,12865309,412235
3609,14679475,412463
3610,11638587,412690
3611,11746861,412917
3612,12000940,413143
3613,13007804,413370
3614,12354906,413596
3615,13246665,413822
3616,12890934,414047
3617,20864256,414277
3618,14241632,414506
3619,14452896,414735
3620,16765938,414963
3621,19485497,415192
3622,13830731,415420
3623,17341564,415648
3624,14087228,415875
3625,13231659,416104
3626,13525436,416332
3627,13420731,416560
3628,13346686,416787
3629,13548926,417015
3630,13406373,417242
3631,13401920,417469
3632,12356472,417695
3633,13025162,417926
3634,12216066,418156
3635,11032485,418386
3636,14085545,418615
3637,10712103,418845
3638,12491351,419074
3639,14694417,419303
3640,13541478,419531
3641,13040686,419761
3642,11098745,419990
3643,12745977,420219
3644,13487050,420447
3645,11724334,420676
3646,12521111,420904
3647,12837438,421132
3648,10607687,421359
3649,10235644,421591
3650,10377019,421822
3651,12283573,422053
3652,12091051,422283
3653,11584708,422514
3654,11144284,422744
3655,11201146,422974
3656,9986798,423203
3657,8633996,423434
3658,11098409,423664
3659,11629475,423894
3660,12582421,424123
3661,12655065,424353
3662,13562533,424582
3663,12747253,424811
3664,15620258,425039
3665,11080123,425272
3666,12932465,425504
3667,12896837,425736
3668,14551402,425967
3669,12131571,426199
3670,12334946,426430
3671,12056590,426661
3672,12296387,426891
3673,17590679,427123
3674,13690002,427354
3675,17967111,427585
3676,12285575,427815
3677,12411467,428046
3678,13055976,428276
3679,11823747,428506
3680,11933732,428735
3681,8976747,428969
3682,10846670,429202
3683,14102205,429435
3684,11693755,429667
3685,10739193,429900
3686,11001267,430132
3687,11282199,430364
3688,12214192,430595
3689,15177973,430828
3690,12413493,431060
3691,12469881,431292
3692,9907704,431523
3693,9689449,431755
3694,9070787,431986
3695,9235673,432217
3696,11848041,432447
3697,11511985,432682
3698,11727940,432916
3699,11649003,433150
3700,11481753,433383
3701,13204075,433617
3702,11753637,433850
3703,11344573,434083
3704,12048724,434315
3705,11864507,434549
3706,11413144,434782
3707,12536895,435015
3708,11525621,435247
3709,11773416,435480
3710,12145218,435712
3711,12958824,435944
3712,11639859,436175
3713,11582330,436411
3714,11363473,436646
3715,11894090,436881
3716,9267169,437115
3717,8866344,437350
3718,10268239,437584
3719,11114368,437818
3720,8724467,438051
3721,13978244,438286
3722,11043309,438520
3723,20576268,438754
3724,14973179,438987
3725,12877765,439221
3726,11012882,439454
3727,13671152,439687
3728,11736870,439919
3729,9867084,440156
3730,16341375,440392
3731,11229171,440628
3732,12462790,440863
3733,12287335,441099
3734,11367022,441334
3735,11962400,441569
3736,11500660,441803
3737,9748202,442039
3738,12134979,442274
3739,11476772,442509
3740,10423914,442743
3741,12017723,442978
3742,11577415,443212
3743,11224510,443446
3744,12908845,443679
3745,11399436,443917
3746,11368251,444154
3747,12006398,444391
3748,10954517,444627
3749,10831789,444864
3750,9835514,445100
3751,11225251,445336
3752,10615472,445571
3753,9816671,445808
3754,10388644,446044
3755,9902006,446280
3756,10138238,446515
3757,10162477,446751
3758,9808100,446986
3759,11058965,447221
3760,14648263,447455
3761,10660635,447694
3762,10020004,447932
3763,10582397,448170
3764,10428094,448407
3765,16748473,448645
3766,10719615,448882
3767,10762303,449119
3768,11279312,449355
3769,15099754,449593
3770,14163261,449830
3771,12051862,450067
3772,11534543,450303
3773,14406687,450540
3774,18884501,450776
3775,11169370,451012
3776,11623466,451247
3777,11386320,451487
3778,14197237,451726
3779,11878715,451965
3780,10776488,452203
3781,11471169,452442
3782,12023937,452680
3783,11319928,452918
3784,11364535,453155
3785,9468206,453394
3786,9187363,453632
3787,10958564,453870
3788,11694898,454107
3789,11431620,454345
3790,10765531,454582
3791,10345287,454819
3792,10642648,455055
3793,10662186,455296
3794,8125205,455536
3795,8012961,455776
3796,8024496,456015
3797,8356348,456255
3798,10638735,456494
3799,10091714,456733
3800,9741759,456971
3801,9514034,457211
3802,10340021,457450
3803,10519322,457689
3804,10187212,457927
3805,11832998,458166
3806,10720740,458404
3807,10355706,458642
3808,14317599,458879
3809,16291487,459121
3810,14052038,459362
3811,14716971,459603
3812,11666237,459843
3813,18576184,460084
3814,19015391,460324
3815,12498237,460564
3816,13609788,460803
3817,11651815,461044
3818,15532688,461284
3819,13213269,461524
3820,13563231,461763
3821,12405243,462003
3822,10434411,462242
3823,9488879,462481
3824,8903678,462719
3825,9115652,462962
3826,9467977,463204
3827,10877924,463446
3828,11480322,463687
3829,11413506,463929
3830,11446063,464170
3831,12159177,464411
3832,12846177,464651
3833,10304024,464893
3834,11972851,465134
3835,12044215,465375
3836,12998105,465615
3837,12306039,465856
3838,12970855,466096
3839,12187596,466336
3840,11080542,466575
3841,11887056,466819
3842,11397567,467062
3843,11457254,467305
3844,12683158,467547
3845,14918243,467790
3846,14692567,468032
3847,11771443,468274
3848,11101783,468515
3849,12452622,468758
3850,11022189,469000
3851,10320501,469242
3852,9415682,469483
3853,11915574,469725
3854,10863711,469966
3855,12399624,470207
3856,11945600,470447
3857,12120246,470692
3858,12335339,470936
3859,16378322,471180
3860,14736577,471423
3861,12448347,471667
3862,10892034,471910
3863,15821220,472153
3864,13876322,472395
3865,13180609,472639
3866,16678018,472882
3867,13868059,473125
3868,15156586,473367
3869,13607406,473610
3870,13761091,473852
3871,12692126,474094
3872,13650594,474335
3873,12619964,474581
3874,12139965,474826
3875,13405282,475071
3876,12687976,475315
3877,12116224,475560
3878,11887025,475804
3879,12036803,476048
3880,12034812,476291
3881,10714518,476536
3882,10357429,476780
3883,11625024,477024
3884,12401070,477267
3885,11896880,477511
3886,11424038,477754
3887,11320815,477997
3888,10842455,478239
3889,10880247,478486
3890,10656582,478732
3891,14899390,478978
3892,14505960,479223
3893,10743383,479469
3894,10607749,479714
3895,11624483,479959
3896,10383824,480203
3897,10251237,480449
3898,10406798,480694
3899,10092156,480939
3900,10204380,481183
3901,8166623,481428
3902,8624794,481672
3903,8162912,481916
3904,8534306,482159
3905,10565046,482407
3906,16042262,482654
3907,20564165,482901
3908,21247658,483147
3909,14282235,483394
3910,9393363,483640
3911,11071203,483886
3912,9562398,484131
3913,10258399,484378
3914,10936540,484624
3915,11436571,484870
3916,12120150,485115
3917,11187831,485361
3918,11076450,485606
3919,11311526,485851
3920,10524978,486095
3921,10370107,486344
3922,10712255,486592
3923,10838118,486840
3924,10965904,487087
3925,10912078,487335
3926,11827418,487582
3927,11005184,487829
3928,11087061,488075
3929,11246431,488323
3930,10848936,488570
3931,10958920,488817
3932,11871300,489063
3933,10134343,489310
3934,9221226,489556
3935,11001731,489802
3936,9562710,490047
3937,10448875,490297
3938,11529118,490546
3939,10450375,490795
3940,10372209,491043
3941,10212563,491292
3942,8130687,491540
3943,8096891,491788
3944,9009182,492035
3945,10749187,492284
3946,10508047,492532
3947,10656844,492780
3948,11761845,493027
3949,10721915,493275
3950,10362923,493522
3951,11601555,493769
3952,10331385,494015
3953,10297930,494266
3954,10331996,494516
3955,10482115,494766
3956,11500889,495015
3957,9567262,495265
3958,10811652,495514
3959,10291309,495763
3960,10012247,496011
3961,16690259,496261
3962,13252512,496510
3963,10133579,496759
3964,8690698,497007
3965,13425705,497256
3966,10044613,497504
3967,11156569,497752
3968,9925593,497999
3969,10425778,498251
3970,10711482,498502
3971,10878643,498753
3972,10228892,499003
3973,10441431,499254
3974,11091890,499504
3975,9923450,499754
3976,10211635,500003
3977,10392552,500254
3978,10323849,500504
3979,8250916,500754
3980,7679761,501003
3981,7747106,501253
3982,7691868,501502
3983,9692890,501751
3984,10089947,501999
3985,12157220,502252
3986,12847828,502504
3987,10189539,502756
3988,9108353,503007
3989,7785745,503259
3990,7779383,503510
3991,11548090,503761
3992,10043048,504011
3993,10905292,504263
3994,11520725,504514
3995,9078768,504765
3996,9849833,505015
3997,11129277,505266
3998,12316757,505516
3999,10287080,505766
4000,10651758,506015
4001,12812732,506269
4002,10484402,506522
4003,10413784,506775
4004,11452699,507027
4005,10399717,507280
4006,8961327,507532
4007,19595934,507784
4008,11551554,508035
4009,14129679,508288
4010,9451561,508540
4011,8625424,508792
4012,12138517,509043
4013,11271050,509295
4014,11555347,509546
4015,10684504,509797
4016,9065992,510047
4017,9988002,510302
4018,10531797,510556
4019,10926165,510810
4020,10233357,511063
4021,8159772,511317
4022,9588964,511570
4023,10636629,511823
4024,10627356,512075
4025,10322822,512329
4026,9854046,512582
4027,8362380,512835
4028,7805653,513087
4029,10499870,513340
4030,13638866,513592
4031,9508796,513844
4032,8737638,514095
4033,5636409,514351
4034,10563682,514606
4035,10759781,514861
4036,9764369,515115
4037,7902081,515370
4038,8183120,515624
4039,9932734,515878
4040,14578459,516131
4041,11626234,516386
4042,10188104,516640
4043,14390206,516894
4044,7771519,517147
4045,7516538,517401
4046,9773407,517654
4047,14745555,517907
4048,13651610,518159
4049,10500616,518416
4050,9713847,518672
4051,9761717,518928
4052,10716516,519183
4053,9717379,519439
4054,8979044,519694
4055,13367838,519949
4056,9829740,520203
4057,10459854,520459
4058,13160235,520714
4059,11665224,520969
4060,11036778,521223
4061,12637785,521478
4062,11297943,521732
4063,11136742,521986
4064,11180632,522239
4065,11215408,522497
4066,10779737,522754
4067,9257594,523011
4068,11349914,523267
4069,11237948,523524
4070,11157968,523780
4071,11156678,524036
4072,10575972,524291
4073,10791780,524548
4074,11745879,524804
4075,13174669,525060
4076,11828115,525315
4077,11975723,525571
4078,12112670,525826
4079,13309462,526081
4080,12045743,526335
4081,12135502,526594
4082,13018663,526852
4083,11723269,527110
4084,11757961,527367
4085,17188709,527625
4086,16281503,527882
4087,12694611,528139
4088,11740054,528395
4089,12682428,528653
4090,13012341,528910
4091,12197323,529167
4092,12677127,529423
4093,10357291,529680
4094,10260301,529936
4095,10244367,530192
4096,16919126,530447
4097,13729065,530707
4098,14472069,530966
4099,13116243,531225
4100,12883382,531483
4101,13477825,531742
4102,13080642,532000
4103,13789181,532258
4104,13698413,532515
4105,13051781,532774
4106,15985842,533032
4107,16774522,533290
4108,16784393,533547
4109,12350860,533805
4110,14586528,534062
4111,11634638,534319
4112,13356163,534575
4113,13255302,534836
4114,12776193,535096
4115,13734849,535356
4116,12279758,535615
4117,12696883,535875
4118,13191554,536134
4119,13682655,536393
4120,12909796,536651
4121,12921751,536911
4122,15058441,537170
4123,18057189,537429
4124,10841601,537687
4125,9512053,537946
4126,14400373,538204
4127,9695007,538462
4128,9652116,538719
4129,12094077,538981
4130,12616169,539242
4131,17416897,539503
4132,12616091,539763
4133,11434918,540024
4134,10448770,540284
4135,14296635,540544
4136,20126748,540803
4137,24054779,541064
4138,13984493,541324
4139,21080229,541584
4140,18750967,541843
4141,12864517,542103
4142,12970680,542362
4143,17151423,542621
4144,12799136,542879
4145,12037084,543142
4146,11804180,543404
4147,13021249,543666
4148,12891568,543927
4149,12821941,544189
4150,12076611,544450
4151,12432194,544711
4152,12899017,544971
4153,16203993,545233
4154,23696431,545494
4155,15027734,545755
4156,11927244,546015
4157,23350712,546276
4158,24173848,546536
4159,18242933,546796
4160,17793111,547055
4161,17907210,547319
4162,25551801,547582
4163,22482234,547845
4164,15850535,548107
4165,16629448,548370
4166,28324819,548632
4167,14510401,548894
4168,18490166,549155
4169,14540251,549418
4170,16254189,549680
4171,14279890,549942
4172,14067691,550203
4173,13018409,550465
4174,15267362,550726
4175,28292499,550987
4176,16041028,551247
4177,14620926,551512
4178,13129305,551776
4179,10378646,552040
4180,12708927,552303
4181,14220899,552567
4182,14434848,552830
4183,13387757,553093
4184,13553972,553355
4185,10363621,553619
4186,16594041,553882
4187,22830999,554145
4188,13002234,554407
4189,13900287,554670
4190,14372928,554932
4191,15925653,555194
4192,13731237,555455
4193,15146183,555721
4194,14073708,555986
4195,14095105,556251
4196,22212189,556515
4197,17862680,556780
4198,17391411,557044
4199,14671593,557308
4200,13094478,557571
4201,13474822,557836
4202,13360158,558100
4203,12782659,558364
4204,12370451,558627
4205,13630154,558891
4206,12709291,559154
4207,12500418,559417
4208,12931039,559679
4209,15674664,559946
4210,10813757,560212
4211,13365639,560478
4212,20898710,560743
4213,14602815,561009
4214,15032042,561274
4215,20611672,561539
4216,18933254,561803
4217,14553506,562069
4218,14023500,562334
4219,10371286,562599
4220,11166335,562863
4221,18867161,563128
4222,26955975,563392
4223,27031900,563656
4224,13980159,563919
4225,13327592,564187
4226,13198110,564454
4227,13488208,564721
4228,12797528,564987
4229,13673243,565254
4230,14555815,565520
4231,14983155,565786
4232,13532008,566051
4233,15376676,566318
4234,13186798,566584
4235,13329502,566850
4236,13977200,567115
4237,16178375,567381
4238,15576746,567646
4239,12291362,567911
4240,13124912,568175
4241,17169318,568444
4242,16002510,568712
4243,15796036,568980
4244,15071596,569247
4245,14301871,569515
4246,15416138,569782
4247,14278575,570049
4248,14204750,570315
4249,14571396,570583
4250,13710416,570850
4251,13766653,571117
4252,14234096,571383
4253,13826790,571650
4254,16190705,571916
4255,23604242,572182
4256,23941282,572447
4257,15685526,572717
4258,13931367,572986
4259,12866134,573255
4260,12800235,573523
4261,11872711,573792
4262,11648685,574060
4263,23099636,574328
4264,22955764,574595
4265,13822933,574864
4266,14134180,575132
4267,13118729,575400
4268,13868285,575667
4269,15107512,575935
4270,14414617,576202
4271,14184548,576469
4272,13322834,576735
4273,13009738,577006
4274,15557368,577276
4275,13527186,577546
4276,13707919,577815
4277,13327475,578085
4278,12594335,578354
4279,13506295,578623
4280,13107534,578891
4281,12895330,579161
4282,14004397,579430
4283,14267505,579699
4284,12161947,579967
4285,13093716,580236
4286,11690540,580504
4287,11517495,580772
4288,13390615,581039
4289,18353936,581311
4290,14224958,581582
4291,22070721,581853
4292,25606744,582123
4293,22770310,582394
4294,14512210,582664
4295,17489073,582934
4296,15945990,583203
4297,25088742,583474
4298,24021267,583744
4299,14654760,584014
4300,13831411,584283
4301,14534601,584553
4302,14601829,584822
4303,12339551,585091
4304,12245399,585359
4305,13484273,585632
4306,17716282,585904
4307,18424039,586176
4308,14227083,586447
4309,14107976,586719
4310,15486553,586990
4311,14059674,587261
4312,12511885,587531
4313,12510767,587803
4314,11960751,588074
4315,13127727,588345
4316,14538743,588615
4317,12761352,588886
4318,10438456,589156
4319,13869216,589426
4320,13322912,589695
4321,13889949,589969
4322,14228267,590242
4323,13715937,590515
4324,14458738,590787
4325,11752593,591060
4326,12218092,591332
4327,12856256,591604
4328,13032077,591875
4329,13511995,592148
4330,14296527,592420
4331,13288402,592692
4332,13503654,592963
4333,13257047,593235
4334,13312815,593506
4335,11160525,593777
4336,10453421,594047
4337,10453828,594322
4338,12078973,594596
4339,11794821,594870
4340,13103244,595143
4341,13810158,595417
4342,14341440,595690
4343,13971475,595963
4344,13695357,596235
4345,13298179,596509
4346,20511793,596782
4347,10080087,597055
4348,12765744,597327
4349,12503215,597600
4350,13229544,597872
4351,12686943,598144
4352,12560878,598415
4353,13830909,598691
4354,12990879,598966
4355,12359648,599241
4356,14594450,599515
4357,12294092,599790
4358,12074835,600064
4359,12675349,600338
4360,12385974,600611
4361,10748122,600886
4362,12873195,601160
4363,12830721,601434
4364,12287174,601707
4365,11538103,601981
4366,13779443,602254
4367,13959811,602527
4368,13578141,602799
4369,14182684,603076
4370,12123080,603352
4371,11249944,603628
4372,14105134,603903
4373,15388487,604179
4374,14852202,604454
4375,13259800,604729
4376,11275007,605003
4377,14104726,605279
4378,14066040,605554
4379,12684801,605829
4380,13541564,606103
4381,12493089,606378
4382,13430593,606652
4383,13189123,606926
4384,16465649,607199
4385,11236325,607477
4386,12843966,607754
4387,14125079,608031
4388,13386941,608307
4389,13003189,608584
4390,14173158,608860
4391,13631497,609136
4392,24350486,609411
4393,13571929,609688
4394,12693456,609964
4395,10117872,610240
4396,12897794,610515
4397,13424641,610791
4398,12741394,611066
4399,15376656,611341
4400,11673095,611615
4401,12954965,611894
4402,13718404,612172
4403,13125734,612450
4404,13504592,612727
4405,13095333,613005
4406,12035735,613282
4407,11330990,613559
4408,12629040,613835
4409,13115496,614113
4410,13025957,614390
4411,12903839,614667
4412,13708935,614943
4413,12997325,615220
4414,13136270,615496
4415,22796465,615772
4416,25546596,616047
4417,13539275,616327
4418,13279143,616606
4419,13567735,616885
4420,13292994,617163
4421,12866546,617442
4422,13006463,617720
4423,13131922,617998
4424,11547296,618275
4425,12640265,618554
4426,14143898,618832
4427,13142815,619110
4428,12909359,619387
4429,14505227,619665
4430,15973016,619942
4431,11634795,620219
4432,12846156,620495
4433,12488037,620776
4434,10792027,621056
4435,13603765,621336
4436,13281947,621615
4437,12838275,621895
4438,13074516,622174
4439,13875903,622453
4440,11989588,622731
4441,10739849,623011
4442,17099443,623290
4443,13671484,623569
4444,14708287,623847
4445,13238754,624126
4446,12947654,624404
4447,24109970,624682
4448,14559006,624959
4449,19765135,625241
4450,10379273,625522
4451,13090387,625803
4452,12977317,626083
4453,12953524,626364
4454,11794147,626644
4455,12928783,626924
4456,13454948,627203
4457,12413026,627484
4458,14420854,627764
4459,18277384,628044
4460,13350255,628323
4461,11458421,628603
4462,12253522,628882
4463,12720288,629161
4464,13664644,629439
4465,13408401,629722
4466,13651154,630004
4467,11053407,630286
4468,12065213,630567
4469,13327454,630849
4470,21540829,631130
4471,19849444,631411
4472,25225395,631691
4473,22089611,631973
4474,13261692,632254
4475,13623484,632535
4476,16543551,632815
4477,14905900,633096
4478,20729547,633376
4479,26747091,633656
4480,23306316,633935
4481,12981842,634219
4482,22183230,634502
4483,13312378,634785
4484,11608979,635067
4485,13599806,635350
4486,13661559,635632
4487,13828163,635914
4488,15352470,636195
4489,14304667,636478
4490,12773940,636760
4491,11511804,637042
4492,12586642,637323
4493,10928449,637605
4494,14854656,637886
4495,13131822,638167
4496,13074877,638447
4497,12906724,638732
4498,12958538,639016
4499,14506703,639300
4500,14023880,639583
4501,15062512,639867
4502,13073349,640150
4503,13106759,640433
4504,13231095,640715
4505,12970859,640999
4506,13015250,641282
4507,12316639,641565
4508,13155517,641847
4509,14127902,642130
4510,17705206,642412
4511,11103300,642694
4512,15155099,642975
4513,13608796,643261
4514,15900814,643546
4515,13620350,643831
4516,13588860,644115
4517,22484522,644400
4518,14494176,644684
4519,12169108,644968
4520,12384405,645251
4521,14400046,645536
4522,15261264,645820
4523,15447226,646104
4524,17607867,646387
4525,12841054,646671
4526,13547352,646954
4527,14184495,647237
4528,15645969,647519
4529,15539716,647806
4530,17603599,648092
4531,15714095,648378
4532,15410074,648663
4533,15287867,648949
4534,16007674,649234
4535,15210831,649519
4536,15999256,649803
4537,15641742,650089
4538,16324926,650374
4539,23178472,650659
4540,17909426,650943
4541,14509763,651228
4542,15353990,651512
4543,16539799,651796
4544,15621023,652079
4545,21134669,652367
4546,17818375,652654
4547,15928253,652941
4548,16034583,653227
4549,17187962,653514
4550,17569070,653800
4551,17769502,654086
4552,23474589,654371
4553,19456985,654658
4554,15620021,654944
4555,11722207,655230
4556,13329918,655515
4557,24256237,655801
4558,16918133,656086
4559,14720085,656371
4560,15657393,656655
4561,15790931,656944
4562,16098616,657232
4563,13314500,657520
4564,15299051,657807
4565,13388507,658095
4566,14001704,658382
4567,16106698,658669
4568,15164312,658955
4569,14773008,659243
4570,14757322,659530
4571,14754771,659817
4572,17597445,660103
4573,15764563,660390
4574,12749938,660676
4575,14009074,660962
4576,13393790,661247
4577,12135501,661537
4578,15447655,661826
4579,11172170,662115
4580,10500631,662403
4581,10885010,662692
4582,13043033,662980
4583,13504904,663268
4584,14338141,663555
4585,13885416,663844
4586,14501665,664132
4587,14637203,664420
4588,13899466,664707
4589,15388203,664995
4590,10756392,665282
4591,18112841,665569
4592,26204641,665855
4593,24821815,666146
4594,28939446,666436
4595,15574836,666726
4596,17257766,667015
4597,22254111,667305
4598,14267538,667594
4599,15571757,667883
4600,12399482,668171
4601,11999461,668461
4602,13450232,668750
4603,13967123,669039
4604,14223744,669327
4605,15961272,669616
4606,14851596,669904
4607,16568939,670192
4608,16600255,670479
4609,18642070,670771
4610,14768113,671062
4611,12461413,671353
4612,14871686,671643
4613,14290200,671934
4614,14794985,672224
4615,19732011,672514
4616,14314816,672803
4617,14444572,673094
4618,17103363,673384
4619,13739028,673674
4620,17301956,673963
4621,17519971,674253
4622,15558611,674542
4623,22764666,674831
4624,20704396,675119
4625,12947102,675412
4626,15220482,675704
4627,14991901,675996
4628,14803251,676287
4629,14523105,676579
4630,14889268,676870
4631,14683660,677161
4632,14487826,677451
4633,13202038,677743
4634,13918285,678034
4635,13664925,678325
4636,15980766,678615
4637,16086064,678906
4638,14702676,679196
4639,13218366,679486
4640,15514757,679775
4641,14372786,680069
4642,13423353,680362
4643,11036451,680655
4644,14744511,680947
4645,19857061,681240
4646,17660344,681532
4647,17600461,681824
4648,15508065,682115
4649,18132344,682408
4650,17192686,682700
4651,16880641,682992
4652,17584611,683283
4653,15090367,683575
4654,12933090,683866
4655,17182096,684157
4656,16498023,684447
4657,16745617,684742
4658,19537033,685036
4659,17908544,685330
4660,16605922,685623
4661,16297179,685917
4662,16942194,686210
4663,15619223,686503
4664,16186651,686795
4665,14327980,687089
4666,13247671,687382
4667,18664264,687675
4668,15978086,687967
4669,14973081,688260
4670,14793294,688552
4671,15471227,688844
4672,15742637,689135
4673,15184944,689431
4674,16335170,689726
4675,15281409,690021
4676,15389765,690315
4677,15695436,690610
4678,15233750,690904
4679,15815688,691198
4680,16753605,691491
4681,14692052,691786
4682,15881517,692080
4683,24250680,692374
4684,18022205,692667
4685,15118356,692961
4686,12677196,693254
4687,13745376,693547
4688,15297501,693839
4689,15922206,694136
4690,15438692,694432
4691,12214209,694728
4692,14289253,695023
4693,16130643,695319
4694,14982539,695614
4695,14644668,695909
4696,16847655,696203
4697,21324895,696499
4698,19146121,696794
4699,17993964,697089
4700,13580644,697383
4701,15837524,697678
4702,14335911,697972
4703,12872030,698266
4704,13489517,698559
4705,12783914,698857
4706,14801083,699154
4707,17400484,699451
4708,14663404,699747
4709,15388422,700044
4710,14410120,700340
4711,24570219,700636
4712,15857630,700931
4713,15011914,701228
4714,15020100,701524
4715,14532949,701820
4716,11828580,702115
4717,14545778,702411
4718,15190835,702706
4719,16385598,703001
4720,12450620,703295
4721,14139659,703594
4722,15649763,703892
4723,21348818,704190
4724,15116580,704487
4725,13724464,704785
4726,17577659,705082
4727,17522997,705379
4728,24509768,705675
4729,18355594,705973
4730,16840556,706270
4731,13972880,706567
4732,15680928,706863
4733,16116062,707160
4734,16193622,707456
4735,15256303,707752
4736,21887184,708047
4737,15643806,708347
4738,14195590,708646
4739,14343967,708945
4740,13931787,709243
4741,13863591,709542
4742,14723988,709840
4743,13784731,710138
4744,14692570,710435
4745,14362856,710734
4746,14408711,711032
4747,13505176,711330
4748,13840874,711627
4749,15432697,711925
4750,14190722,712222
4751,14179039,712519
4752,14057700,712815
4753,13242359,713116
4754,12952520,713416
4755,14855864,713716
4756,14518083,714015
4757,12223491,714315
4758,11907523,714614
4759,15813075,714913
4760,16862205,715211
4761,15238807,715511
4762,14532074,715810
4763,14563619,716109
4764,25072420,716407
4765,25398166,716706
4766,25535425,717004
4767,23775873,717302
4768,20793351,717599
4769,20259688,717901
4770,19483012,718202
4771,19156566,718503
4772,18489225,718803
4773,26797675,719104
4774,18697724,719404
4775,18693151,719704
4776,28904172,720003
4777,20112362,720304
4778,12667747,720604
4779,12753597,720904
4780,12801249,721203
4781,13907237,721503
4782,17873540,721802
4783,17042177,722101
4784,17601832,722399
4785,19148225,722702
4786,16193571,723004
4787,23215792,723306
4788,16256829,723607
4789,18911269,723909
4790,21602197,724210
4791,22213593,724511
4792,14745514,724811
4793,20207771,725113
4794,16023387,725414
4795,15872501,725715
4796,17123601,726015
4797,23242171,726316
4798,16907035,726616
4799,15966953,726916
4800,16181986,727215
4801,14973592,727519
4802,15988931,727822
4803,18119167,728125
4804,15860010,728427
4805,16410815,728730
4806,19157774,729032
4807,16253930,729334
4808,16041442,729635
4809,15834591,729938
4810,15655012,730240
4811,22627477,730542
4812,23805214,730843
4813,19841014,731145
4814,16097464,731446
4815,15734878,731747
4816,15495153,732047
4817,15465319,732352
4818,15430547,732656
4819,16099286,732960
4820,16432186,733263
4821,16027847,733567
4822,15377420,733870
4823,15866250,734173
4824,15301659,734475
4825,15652746,734779
4826,15800789,735082
4827,15730665,735385
4828,15497728,735687
4829,16112213,735990
4830,14338601,736292
4831,12693641,736594
4832,18860733,736895
4833,13821787,737201
4834,17136753,737506
4835,16920882,737811
4836,24586130,738115
4837,17467407,738420
4838,14463356,738724
4839,15793216,739028
4840,31363628,739331
4841,34694377,739636
4842,25594075,739940
4843,18472987,740244
4844,13313051,740547
4845,14421372,740851
4846,18698907,741154
4847,18603155,741457
4848,29006867,741759
4849,18157238,742066
4850,18621383,742372
4851,21791156,742678
4852,17030951,742983
4853,16431629,743289
4854,20517692,743594
4855,20293851,743899
4856,21495332,744203
4857,17738673,744509
4858,22294555,744814
4859,24197259,745119
4860,22032630,745423
4861,22086589,745728
4862,22384968,746032
4863,20559493,746336
4864,19736510,746639
4865,18396675,746947
4866,19803143,747254
4867,18994298,747561
4868,18103415,747867
4869,16879810,748174
4870,14002020,748480
4871,15252039,748786
4872,14962680,749091
4873,18029312,749398
4874,26202040,749704
4875,18509292,750010
4876,20643749,750315
4877,16305532,750621
4878,13764488,750926
4879,18154400,751231
4880,18314192,751535
4881,18835863,751844
4882,17485617,752152
4883,18156997,752460
4884,18686347,752767
4885,18038207,753075
4886,16630404,753382
4887,14154530,753689
4888,14520929,753995
4889,17133406,707793
4890,18068428,661590
4891,14594235,615387
4892,13602800,569183
4893,13870873,522980
4894,11510874,476776
4895,10319966,430572
4896,10513647,384367
4897,9304556,384525
4898,11187380,384682
4899,15446654,384839
4900,16735785,384995
4901,13868613,385152
4902,20724972,385308
4903,12259408,385464
4904,11375036,385619
4905,10712925,385776
4906,11971744,385932
4907,11647561,386088
4908,10923459,386243
4909,10870081,386399
4910,10427945,386554
4911,10361677,386709
4912,10011056,386863
4913,11304133,387020
4914,9961792,387176
4915,9813417,387332
4916,9618729,387487
4917,10086326,387643
4918,10106197,387798
4919,10772915,387953
4920,10090754,388107
4921,10461801,388263
4922,9929181,388418
4923,10751708,388573
4924,10289365,388727
4925,10103490,388882
4926,12745650,389036
4927,10269143,389190
4928,10344973,389343
4929,10710948,389502
4930,9874074,389660
4931,9268837,389818
4932,10639070,389975
4933,10370549,390133
4934,10268508,390290
4935,10127928,390447
4936,10751556,390603
4937,10434263,390761
4938,9247484,390918
4939,8002640,391075
4940,9775497,391231
4941,9762283,391388
4942,9851643,391544
4943,10181523,391700
4944,10063584,391855
4945,9724637,392013
4946,10795878,392170
4947,10765056,392327
4948,9957891,392483
4949,10620501,392640
4950,12998117,392796
4951,15993739,392952
4952,10409462,393107
4953,9802179,393264
4954,10049628,393420
4955,10029954,393576
4956,10291878,393731
4957,11082753,393887
4958,10983669,394042
4959,10437054,394197
4960,9848181,394351
4961,9906819,394511
4962,11051506,394670
4963,10114643,394829
4964,9855687,394987
4965,8868289,395146
4966,7649449,395304
4967,7539972,395462
4968,8188511,395619
4969,10931853,395778
4970,11280400,395936
4971,11376628,396094
4972,13196036,396251
4973,10320310,396409
4974,10105177,396566
4975,9992092,396723
4976,10395221,396879
4977,12929637,397038
4978,12229215,397196
4979,12827071,397354
4980,10322356,397511
4981,13687738,397669
4982,11585872,397826
4983,10171445,397983
4984,11490653,398139
4985,9978517,398297
4986,10486118,398454
4987,10815903,398611
4988,10590417,398767
4989,10424081,398924
4990,9550047,399080
4991,11273115,399236
4992,10259778,399391
4993,10064653,399552
4994,12265127,399712
4995,10185575,399872
4996,12666800,400031
4997,19810800,400191
4998,12856665,400350
4999,14949352,400509
