sampleSize,insertionSort
0,969
1,336
2,376
3,343
4,365
5,399
6,463
7,539
8,625
9,717
10,728
11,848
12,934
13,1090
14,1067
15,1250
16,1482
17,1603
18,2001
19,2025
20,2060
21,2234
22,2413
23,2443
24,2867
25,2901
26,3438
27,3259
28,3478
29,3734
30,3785
31,4364
32,4493
33,4766
34,4793
35,5208
36,5455
37,5956
38,6276
39,6270
40,6531
41,7010
42,7202
43,7509
44,7895
45,8607
46,8824
47,8786
48,9544
49,9808
50,10125
51,11447
52,10974
53,11381
54,11839
55,12060
56,13518
57,13005
58,13329
59,14034
60,15383
61,13894
62,15276
63,15764
64,21614
65,16595
66,17740
67,18840
68,18557
69,21773
70,22925
71,22999
72,23725
73,23769
74,21499
75,21474
76,22822
77,22765
78,23848
79,23426
80,25054
81,25224
82,26459
83,26581
84,27981
85,27777
86,28494
87,29735
88,29796
89,32008
90,31030
91,32468
92,33251
93,32987
94,35562
95,34639
96,37424
97,36809
98,36320
99,35362
100,38139
101,39357
102,39710
103,40068
104,45053
105,42479
106,49248
107,44996
108,45787
109,47950
110,47316
111,49441
112,49578
113,51393
114,51512
115,66167
116,52873
117,52073
118,54196
119,54915
120,56275
121,60114
122,59093
123,65922
124,64880
125,59526
126,61683
127,61339
128,61480
129,62702
130,65885
131,66339
132,64962
133,68428
134,67255
135,70900
136,70112
137,74473
138,72213
139,73628
140,73994
141,75449
142,78153
143,81634
144,79659
145,80779
146,82387
147,83356
148,83120
149,88543
150,86548
151,86251
152,89947
153,90967
154,89597
155,93480
156,91199
157,95353
158,96305
159,97508
160,100546
161,96924
162,101634
163,100789
164,102156
165,102875
166,110432
167,111945
168,107328
169,107777
170,111853
171,134562
172,116116
173,112983
174,117249
175,123097
176,124360
177,115006
178,120028
179,144112
180,124921
181,126700
182,124932
183,126921
184,127605
185,131579
186,129192
187,134690
188,141169
189,134689
190,136614
191,137567
192,142532
193,139465
194,144428
195,158516
196,153001
197,146269
198,151089
199,153491
200,151390
201,151941
202,152136
203,158535
204,162621
205,158430
206,169554
207,170032
208,182216
209,166430
210,164479
211,170931
212,172517
213,174586
214,179817
215,192416
216,176141
217,187342
218,179047
219,184429
220,185542
221,188020
222,189243
223,186422
224,378630
225,200507
226,256504
227,203850
228,505925
229,219595
230,211520
231,211661
232,213406
233,233536
234,215455
235,212478
236,210412
237,217121
238,214700
239,217531
240,218904
241,217201
242,221594
243,227800
244,224717
245,258518
246,226023
247,234474
248,233283
249,232963
250,234666
251,236721
252,243930
253,253161
254,239704
255,243640
256,243766
257,253574
258,256945
259,251863
260,259968
261,281361
262,257766
263,259693
264,267964
265,269328
266,272118
267,281931
268,266627
269,276925
270,279157
271,969473
272,282397
273,280459
274,285956
275,290583
276,295907
277,288108
278,306781
279,303191
280,302408
281,302808
282,319925
283,324730
284,303101
285,375332
286,306877
287,306255
288,332069
289,330843
290,324627
291,350427
292,328290
293,463126
294,405093
295,1577065
296,328027
297,334139
298,333935
299,337818
300,354197
301,340711
302,342013
303,343887
304,350761
305,356118
306,365089
307,382411
308,358307
309,358220
310,367316
311,286252
312,321964
313,332542
314,361867
315,410308
316,410677
317,411328
318,11581617
319,703072
320,463532
321,418613
322,421276
323,422854
324,427363
325,443409
326,446074
327,435141
328,439115
329,450192
330,402018
331,412476
332,421187
333,453694
334,909442
335,595012
336,1328175
337,774856
338,523305
339,533353
340,843431
341,675556
342,508811
343,528819
344,527444
345,901825
346,1263054
347,471622
348,494747
349,501208
350,526213
351,461044
352,459820
353,478439
354,479059
355,453655
356,288214
357,662951
358,552302
359,556649
360,578591
361,295526
362,295414
363,296850
364,324890
365,331065
366,340651
367,302795
368,413560
369,424259
370,382596
371,309818
372,311760
373,312625
374,314296
375,332132
376,317462
377,319224
378,321520
379,322609
380,457616
381,867453
382,330865
383,331372
384,389045
385,544975
386,389198
387,476141
388,457063
389,380363
390,462624
391,550351
392,668726
393,657603
394,663368
395,679811
396,669235
397,673854
398,705736
399,379299
400,361292
401,501002
402,363934
403,366850
404,367373
405,368249
406,377340
407,372585
408,525611
409,522423
410,440214
411,662989
412,646687
413,637828
414,681427
415,654581
416,670668
417,655109
418,653706
419,658845
420,659926
421,701204
422,793107
423,785890
424,782553
425,801984
426,911100
427,778007
428,788079
429,798051
430,838440
431,802989
432,805954
433,807492
434,811618
435,804996
436,820194
437,850641
438,833201
439,829351
440,857547
441,704442
442,438366
443,452453
444,442316
445,443867
446,447287
447,448900
448,451080
449,452827
450,705042
451,454748
452,456566
453,648034
454,987063
455,897787
456,905365
457,945381
458,912686
459,945984
460,965007
461,939441
462,955931
463,953207
464,1025840
465,981674
466,830293
467,1156734
468,2050218
469,869121
470,971315
471,1341088
472,956100
473,1090841
474,1095905
475,1018775
476,973302
477,979949
478,1212975
479,1109988
480,1583797
481,1182427
482,1143671
483,1012196
484,1643833
485,1029988
486,1014674
487,1011119
488,1026932
489,1019586
490,1064176
491,1059482
492,1057389
493,1034026
494,1087641
495,1078140
496,1064383
497,1074146
498,1067660
499,1077091
500,1430658
501,1088612
502,1081524
503,1095267
504,1191467
505,1112129
506,1114610
507,1144576
508,1126983
509,1153513
510,1132984
511,1156738
512,1173862
513,1032468
514,893259
515,592211
516,597725
517,606904
518,599373
519,1108811
520,1193963
521,1168041
522,1169278
523,1170090
524,1189682
525,2021177
526,1781313
527,1228502
528,695867
529,639515
530,627038
531,630986
532,631491
533,635544
534,636254
535,639231
536,641448
537,649301
538,846754
539,762221
540,666368
541,688596
542,656060
543,658515
544,664790
545,1055473
546,1129790
547,1147334
548,1175009
549,1154560
550,1247910
551,1343095
552,748653
553,684449
554,691288
555,690840
556,690368
557,696823
558,695385
559,703896
560,1166727
561,1203271
562,1247815
563,2308955
564,2205091
565,1422252
566,1434167
567,1409406
568,1455717
569,1423304
570,1114153
571,775647
572,748451
573,732351
574,758751
575,754240
576,743101
577,758745
578,747239
579,747522
580,789642
581,755413
582,757842
583,1257557
584,1780068
585,1134312
586,1003900
587,924448
588,1408774
589,1419017
590,1308434
591,1313442
592,1785948
593,1559924
594,1530039
595,1688764
596,1574508
597,1652251
598,1743085
599,1585967
600,1577129
601,1566386
602,1585088
603,1579641
604,1607831
605,3592235
606,1811253
607,1709385
608,824536
609,1647128
610,1410547
611,1082003
612,1480867
613,1476509
614,1377605
615,1530934
616,2327564
617,1652348
618,1852256
619,1478068
620,1467621
621,894146
622,1360153
623,1692227
624,1722402
625,1706419
626,1628045
627,1351748
628,1674510
629,1834118
630,1901579
631,1926808
632,1712315
633,1751355
634,1566800
635,1611505
636,1555204
637,1564378
638,1612695
639,1703580
640,1787388
641,1771580
642,1771433
643,1776333
644,1853888
645,2249552
646,1686346
647,1184075
648,1544241
649,1882694
650,1853003
651,2358461
652,1824480
653,1835070
654,1840417
655,1923480
656,1864944
657,1935506
658,1878519
659,1856685
660,1912215
661,1978747
662,1896801
663,2152790
664,1877630
665,1962256
666,1907717
667,1916257
668,1916937
669,2405976
670,1459909
671,1291423
672,1010351
673,1019215
674,1015459
675,1397587
676,1473591
677,1949508
678,1086577
679,1426059
680,1110127
681,1045182
682,1043496
683,1067289
684,1069092
685,1046728
686,1534249
687,1054592
688,1059829
689,1058869
690,1114262
691,1069729
692,1260462
693,1075613
694,1941269
695,1283229
696,1082463
697,1085848
698,1091147
699,1098633
700,1183764
701,1978116
702,2949543
703,1900498
704,1964664
705,1952127
706,1992855
707,2015610
708,2128828
709,2222311
710,2275060
711,2174427
712,1560335
713,1143044
714,1275855
715,2141676
716,2261202
717,2285823
718,2319856
719,2362269
720,2275165
721,2273713
722,2598549
723,2531439
724,2064183
725,2175606
726,1878611
727,1339909
728,2092632
729,6728039
730,2069617
731,2196961
732,2086146
733,3979316
734,2505911
735,2223687
736,2549827
737,2482616
738,1862036
739,1321987
740,2227115
741,4039378
742,2505070
743,2944550
744,2518416
745,2745704
746,2727382
747,2594771
748,1719565
749,1522887
750,1618898
751,1881612
752,1665672
753,1442405
754,1440224
755,1457441
756,1280170
757,1311928
758,1661858
759,1325486
760,2196133
761,2076975
762,1416186
763,1340671
764,2259475
765,2708107
766,2835750
767,2743666
768,2384700
769,2349303
770,2770252
771,2518884
772,1346235
773,1888069
774,1335020
775,1476295
776,1496763
777,2079934
778,3006812
779,3429318
780,3040183
781,2715720
782,2905822
783,2782408
784,2141009
785,1524020
786,1558225
787,1571811
788,2216293
789,3942956
790,2824226
791,2155071
792,2829859
793,3369236
794,2824513
795,2931664
796,2948368
797,2804649
798,2138682
799,1558303
800,1463425
801,3944824
802,2877532
803,2894114
804,3013869
805,3426097
806,3346478
807,3081297
808,2800607
809,1641349
810,1688274
811,1658039
812,1669286
813,1666161
814,1702881
815,1715054
816,1679209
817,1689802
818,1689628
819,1739468
820,1729545
821,1703466
822,1708129
823,1707105
824,1709912
825,1731575
826,1738936
827,1752153
828,1761363
829,1740199
830,1748369
831,1946182
832,1899999
833,3094249
834,3069593
835,3078773
836,3155950
837,3123329
838,3059985
839,3163832
840,3077102
841,3801220
842,3150216
843,2902613
844,2425935
845,1671525
846,1629639
847,1671440
848,1649389
849,2036095
850,2405371
851,3538207
852,3266264
853,2521163
854,2196068
855,3417727
856,2764528
857,2609796
858,3311954
859,1791716
860,1704614
861,1750519
862,3188791
863,3605456
864,3266838
865,3269962
866,3236946
867,3365506
868,3484960
869,3277528
870,3288220
871,3320431
872,3464559
873,3268507
874,3295341
875,3561464
876,2339684
877,2052356
878,2160294
879,1735821
880,1923374
881,1788191
882,1739531
883,2110976
884,3397231
885,3521254
886,3504551
887,3298413
888,1904984
889,1793878
890,1768311
891,1819360
892,1777533
893,1818939
894,1988298
895,4116386
896,3542150
897,3554732
898,3567483
899,3532436
900,2889842
901,2119715
902,1812532
903,1816131
904,1863595
905,2938100
906,2200391
907,1861040
908,1856850
909,1844318
910,3323393
911,2484755
912,1867660
913,1875226
914,3037336
915,1906999
916,2754041
917,3980022
918,3668029
919,3865061
920,3654934
921,3253324
922,2309998
923,2954092
924,1905823
925,1934139
926,2066413
927,2020438
928,3740441
929,3695874
930,4172831
931,4032524
932,3630699
933,3471091
934,3645170
935,2451887
936,2346037
937,2645565
938,2016714
939,1992626
940,2604779
941,3152413
942,4152947
943,4274410
944,4267046
945,2695846
946,3162390
947,2734587
948,3539134
949,2700133
950,2019666
951,2064746
952,2028502
953,2956272
954,3749522
955,3734216
956,3775769
957,3685614
958,3639586
959,3780222
960,3655827
961,3644525
962,3812083
963,2172285
964,2171755
965,2087193
966,2231347
967,2293837
968,2106920
969,2936963
970,3157341
971,4253648
972,4509970
973,3664526
974,2785092
975,2404043
976,2133874
977,2041338
978,2870464
979,2503570
980,2193143
981,2726141
982,2599788
983,3435167
984,2155841
985,2242444
986,2934638
987,4780127
988,3840810
989,4505993
990,3990574
991,3786856
992,3042983
993,3201005
994,3831033
995,3256922
996,3404811
997,2248305
998,2245091
999,3150432
1000,3749328
1001,2922366
1002,3042072
1003,3087650
1004,2324549
1005,3092910
1006,2435273
1007,2698605
1008,2652206
1009,2332959
1010,2297814
1011,4115580
1012,3035855
1013,2643574
1014,2411241
1015,2766439
1016,3060193
1017,2465940
1018,2242069
1019,4734812
1020,4507164
1021,3226028
1022,3259755
1023,4141341
1024,3659678
1025,3964201
1026,2654738
1027,2398583
1028,3339421
1029,4042473
1030,4083897
1031,5771141
1032,4196527
1033,6236349
1034,4650323
1035,5781281
1036,4182383
1037,4441168
1038,5263911
1039,4265204
1040,3981224
1041,2272900
1042,2617678
1043,3570309
1044,3177822
1045,2553564
1046,2478627
1047,3814159
1048,4252527
1049,2691927
1050,3371327
1051,3972661
1052,4295226
1053,6182931
1054,4280810
1055,6838356
1056,4311353
1057,5352061
1058,4788568
1059,5126759
1060,3120261
1061,2564139
1062,2561574
1063,3347226
1064,3094258
1065,2594164
1066,4096847
1067,5187141
1068,2524152
1069,4466930
1070,3031865
1071,2321661
1072,2270278
1073,4168405
1074,2779220
1075,2272502
1076,3554717
1077,3896707
1078,2629025
1079,2605415
1080,4290053
1081,2767897
1082,3559791
1083,4404754
1084,2933847
1085,2948483
1086,7241479
1087,5062347
1088,6125377
1089,4525356
1090,5650057
1091,4615148
1092,5248006
1093,4708325
1094,2309838
1095,4300364
1096,3461510
1097,5121619
1098,4278040
1099,4489930
1100,5990119
1101,2357723
1102,2332888
1103,4943748
1104,3760752
1105,2869458
1106,6246168
1107,4821130
1108,5556765
1109,3062245
1110,2960745
1111,5936029
1112,2984708
1113,3527497
1114,4283783
1115,2931587
1116,5600817
1117,3834679
1118,2620069
1119,4037869
1120,5910213
1121,4604245
1122,4961960
1123,2568459
1124,3719099
1125,3946323
1126,2972335
1127,3738298
1128,4421111
1129,3070618
1130,5470306
1131,4855012
1132,3343279
1133,6543067
1134,6430781
1135,5459669
1136,6882283
1137,4029799
1138,3233430
1139,3817698
1140,4675851
1141,5524289
1142,5775381
1143,3569826
1144,4520553
1145,2646437
1146,3473332
1147,5340217
1148,3358048
1149,4803599
1150,4458063
1151,4395622
1152,6136345
1153,5178879
1154,5089601
1155,3118205
1156,4041006
1157,4082083
1158,2657315
1159,5497974
1160,3255330
1161,3173252
1162,5829240
1163,5257646
1164,6454971
1165,3527377
1166,4255637
1167,5372777
1168,4036470
1169,4975771
1170,3872016
1171,5657383
1172,5929002
1173,5301718
1174,4034396
1175,6848527
1176,3563459
1177,4462353
1178,5864894
1179,2767061
1180,5146851
1181,4265870
1182,3488435
1183,6147699
1184,5651471
1185,3854964
1186,3192007
1187,3223161
1188,5147858
1189,2833754
1190,3913930
1191,4195539
1192,3978916
1193,5289949
1194,5607906
1195,5562996
1196,4191505
1197,3213241
1198,4938669
1199,3870750
1200,4571705
1201,4458561
1202,3251837
1203,4560527
1204,4090264
1205,3282784
1206,6496203
1207,5952720
1208,5089839
1209,3007033
1210,3497220
1211,3380159
1212,3303695
1213,3726089
1214,6138015
1215,5518882
1216,3021380
1217,2931428
1218,2993801
1219,5616510
1220,5589623
1221,4075490
1222,3388384
1223,3375659
1224,3879274
1225,2877045
1226,3699495
1227,5651071
1228,5692290
1229,4585338
1230,3448758
1231,3431818
1232,4050972
1233,3476676
1234,3446596
1235,4323168
1236,3506216
1237,3395076
1238,4410619
1239,3497731
1240,3492459
1241,4353462
1242,3470188
1243,3441772
1244,3969269
1245,3112763
1246,3194177
1247,4034980
1248,3519712
1249,3487908
1250,4418620
1251,3542674
1252,3534283
1253,4452141
1254,5276274
1255,7474365
1256,6551944
1257,3607216
1258,3710679
1259,3981834
1260,6443027
1261,5744116
1262,3467744
1263,3153916
1264,4090467
1265,3233643
1266,3218110
1267,3431739
1268,3551327
1269,3092168
1270,3211661
1271,4026726
1272,3599140
1273,3617082
1274,4079502
1275,3667579
1276,3683206
1277,4441983
1278,3684841
1279,3874949
1280,3819215
1281,3716111
1282,4372928
1283,6507332
1284,5134073
1285,3720311
1286,3659857
1287,3745400
1288,4326332
1289,5053709
1290,7638387
1291,5719304
1292,4128951
1293,3782943
1294,4970766
1295,3308464
1296,5905008
1297,6987733
1298,6590978
1299,7130112
1300,3388557
1301,3628301
1302,3823050
1303,4214496
1304,3497642
1305,4069391
1306,4721893
1307,3932235
1308,5967033
1309,5330737
1310,6531139
1311,7687924
1312,8096783
1313,6064431
1314,4462878
1315,5276736
1316,4661891
1317,5128049
1318,4032812
1319,4195521
1320,5220769
1321,4387804
1322,6058826
1323,4941366
1324,7303823
1325,3932925
1326,6658349
1327,3464883
1328,5033619
1329,4360904
1330,6367499
1331,6341562
1332,7456129
1333,8087185
1334,6053593
1335,7170788
1336,4322030
1337,6296563
1338,4332404
1339,6239853
1340,5191292
1341,8684970
1342,9219094
1343,8613387
1344,7227166
1345,7846137
1346,7778511
1347,5764680
1348,4933190
1349,4301340
1350,4704260
1351,5201846
1352,4568853
1353,4314267
1354,4211891
1355,4307871
1356,3661430
1357,3713153
1358,5089910
1359,5851763
1360,5489384
1361,7383777
1362,5287961
1363,4662440
1364,7307060
1365,7210802
1366,7178295
1367,7475334
1368,7046303
1369,3926339
1370,3906265
1371,4016230
1372,5650732
1373,3816258
1374,4191005
1375,5031709
1376,3846916
1377,3876829
1378,3838798
1379,3945843
1380,3890357
1381,3843812
1382,4287016
1383,4274598
1384,4327638
1385,4250470
1386,4087476
1387,4073599
1388,3844976
1389,4869828
1390,7523023
1391,7450986
1392,7379013
1393,6246113
1394,5642948
1395,3820438
1396,3875845
1397,3885069
1398,3837231
1399,3871659
1400,3948423
1401,3862294
1402,3970178
1403,3972409
1404,3809368
1405,3846654
1406,4029914
1407,3822445
1408,4327720
1409,6418859
1410,6481514
1411,3808644
1412,4160962
1413,7522842
1414,7531780
1415,8350446
1416,6259157
1417,7214439
1418,6749436
1419,5882861
1420,4734951
1421,5453811
1422,5256719
1423,6099512
1424,5302840
1425,5494070
1426,5490419
1427,5506028
1428,6223316
1429,5869111
1430,5555632
1431,5640497
1432,4974889
1433,5254893
1434,6112979
1435,5945342
1436,7776313
1437,6592292
1438,6079230
1439,8371084
1440,8438415
1441,6335317
1442,8358631
1443,5851198
1444,5744017
1445,8497954
1446,9295013
1447,16175383
1448,27904823
1449,9996718
1450,10532127
1451,10223623
1452,8564820
1453,5949333
1454,7510205
1455,5830621
1456,7163168
1457,7670934
1458,5996618
1459,6020780
1460,4952160
1461,7684629
1462,5617611
1463,6557052
1464,5913704
1465,4304864
1466,5204128
1467,4855602
1468,4832751
1469,7416800
1470,5421591
1471,5023705
1472,5752133
1473,5154421
1474,7100899
1475,4472329
1476,8384854
1477,8768256
1478,8484042
1479,7857213
1480,5540885
1481,4907533
1482,4900108
1483,5487982
1484,4978805
1485,8836575
1486,8134736
1487,5712856
1488,6972178
1489,5646834
1490,5055958
1491,5457022
1492,9209497
1493,8250545
1494,5912667
1495,5028627
1496,5383469
1497,5268953
1498,8255425
1499,6744437
1500,6445951
1501,5249902
1502,10875888
1503,9554511
1504,8016244
1505,9410477
1506,6833286
1507,13170200
1508,7488362
1509,10418478
1510,11790412
1511,12902608
1512,11647000
1513,5803307
1514,6541658
1515,9078141
1516,9647650
1517,7780959
1518,6145064
1519,6093464
1520,7739637
1521,8557803
1522,5271428
1523,6352018
1524,5323071
1525,5730781
1526,5150119
1527,6437488
1528,5264471
1529,8009303
1530,8583853
1531,5316857
1532,7934886
1533,8470204
1534,5896109
1535,7059873
1536,4788539
1537,6033733
1538,6288519
1539,6084481
1540,5558107
1541,6763909
1542,6735840
1543,4821648
1544,6474550
1545,5426195
1546,7666131
1547,8683523
1548,5440063
1549,6298139
1550,5533594
1551,7528545
1552,8852714
1553,5433844
1554,6128183
1555,4787675
1556,7809348
1557,5465761
1558,6372690
1559,5492011
1560,10325614
1561,9730722
1562,6674528
1563,7873124
1564,5524426
1565,5754515
1566,5411068
1567,6968364
1568,5786292
1569,7248538
1570,8151713
1571,9223213
1572,6788325
1573,5135504
1574,9520135
1575,9733482
1576,11019776
1577,10108117
1578,6645128
1579,7199122
1580,9592907
1581,6007303
1582,6798326
1583,7668221
1584,10359615
1585,10434080
1586,11821886
1587,21364786
1588,18433107
1589,11726268
1590,11908011
1591,22572195
1592,14631571
1593,16128761
1594,17662847
1595,21239132
1596,14212845
1597,7540822
1598,8099245
1599,7516909
1600,7197809
1601,11001060
1602,19984187
1603,14442448
1604,14766001
1605,15719819
1606,13506860
1607,8445259
1608,9461894
1609,10393852
1610,9002380
1611,9182162
1612,11893972
1613,14393326
1614,17377513
1615,15187387
1616,14956152
1617,13832877
1618,12678653
1619,13431149
1620,12188356
1621,11801974
1622,16813985
1623,10837268
1624,10586759
1625,17426365
1626,16244026
1627,18515810
1628,9846659
1629,16114365
1630,16083764
1631,16782408
1632,21907613
1633,15556280
1634,17271093
1635,15894440
1636,14704276
1637,17559883
1638,12267081
1639,14592185
1640,14222106
1641,15666967
1642,17236666
1643,11909473
1644,11975148
1645,10078512
1646,10745791
1647,10413776
1648,13798122
1649,9799239
1650,11903230
1651,15385580
1652,12046020
1653,10427925
1654,7855044
1655,8782882
1656,8705230
1657,8425699
1658,7898538
1659,9929879
1660,8660009
1661,8280474
1662,7014531
1663,8151666
1664,9159801
1665,11240725
1666,10751955
1667,9733697
1668,7700771
1669,8628824
1670,9469257
1671,17227224
1672,13344505
1673,12974445
1674,10127905
1675,15471799
1676,12852356
1677,9129924
1678,9395239
1679,10193508
1680,12872797
1681,12122088
1682,10712270
1683,12770445
1684,16539164
1685,10580300
1686,9645158
1687,10535365
1688,10969954
1689,9830447
1690,12532491
1691,12659391
1692,15502550
1693,14363065
1694,9357125
1695,7411184
1696,9406033
1697,9151951
1698,13925224
1699,8114370
1700,7010404
1701,8425886
1702,7179131
1703,6788249
1704,6806008
1705,6968673
1706,6550941
1707,6420705
1708,10040567
1709,8081234
1710,7249006
1711,7019801
1712,8848908
1713,11308544
1714,7357435
1715,6933863
1716,7915237
1717,10466684
1718,7118317
1719,7278830
1720,12220012
1721,11724225
1722,11286389
1723,11648252
1724,19324038
1725,24275201
1726,9784292
1727,18480812
1728,12344658
1729,13620629
1730,34277361
1731,15033755
1732,14904082
1733,16519990
1734,17696349
1735,21080878
1736,10512099
1737,9333899
1738,9458945
1739,13411448
1740,11378191
1741,9852265
1742,9121377
1743,9423591
1744,15054809
1745,14423945
1746,14416149
1747,13563155
1748,7903889
1749,7197489
1750,9744388
1751,7555246
1752,8755924
1753,13984530
1754,13747414
1755,7257860
1756,9537398
1757,10272643
1758,7343491
1759,10005617
1760,9277871
1761,8329356
1762,12530701
1763,9452220
1764,8354279
1765,10972546
1766,13335020
1767,12729269
1768,12687587
1769,12134224
1770,12839928
1771,14458301
1772,16418016
1773,10785404
1774,10227576
1775,13081656
1776,14870616
1777,15637966
1778,12572127
1779,14463646
1780,16604892
1781,13002793
1782,21518143
1783,15259308
1784,17041850
1785,14932252
1786,13855541
1787,9083289
1788,9841327
1789,14713997
1790,18571097
1791,9117147
1792,7302218
1793,7655292
1794,8439839
1795,8456773
1796,11251255
1797,10241887
1798,9342691
1799,8619694
1800,9701960
1801,9229312
1802,10471480
1803,10540379
1804,9391040
1805,8554764
1806,7530653
1807,11172876
1808,8010238
1809,11838638
1810,8843458
1811,9849467
1812,11810382
1813,11990523
1814,12085355
1815,10965833
1816,10197379
1817,13711954
1818,14382519
1819,14441904
1820,7912250
1821,10151623
1822,11264925
1823,12453539
1824,7490924
1825,7510481
1826,9513709
1827,6719756
1828,6749622
1829,6964759
1830,7184630
1831,7248765
1832,6769180
1833,13159502
1834,11162786
1835,10855780
1836,8584631
1837,13359936
1838,11440759
1839,14201366
1840,18062528
1841,11636819
1842,7799910
1843,8721699
1844,15198802
1845,14613331
1846,10259855
1847,8852677
1848,14815338
1849,14199556
1850,17693437
1851,35781857
1852,23420063
1853,24800140
1854,12126153
1855,11611103
1856,14112637
1857,10814313
1858,15859384
1859,16694628
1860,8869509
1861,13438064
1862,9218882
1863,13606290
1864,13241210
1865,11240198
1866,13349927
1867,11466027
1868,11460010
1869,11042829
1870,9691131
1871,11374315
1872,15207312
1873,15328237
1874,12781633
1875,9330286
1876,9215036
1877,7647763
1878,15397909
1879,12030624
1880,9954089
1881,9243625
1882,8065151
1883,10707777
1884,10007983
1885,9990051
1886,9446497
1887,10990805
1888,10358581
1889,14629458
1890,15344487
1891,13283442
1892,12442958
1893,9905863
1894,11939537
1895,13574198
1896,8961639
1897,8505496
1898,9850184
1899,14770231
1900,10983084
1901,11737339
1902,12130285
1903,9609779
1904,9419555
1905,8483130
1906,13200329
1907,8665533
1908,14735549
1909,9280560
1910,8758616
1911,10120750
1912,9576815
1913,11935574
1914,10879696
1915,10593317
1916,13150841
1917,17937124
1918,16925551
1919,8671659
1920,9239299
1921,9790664
1922,10745493
1923,9205580
1924,9285043
1925,8818352
1926,13549158
1927,10689057
1928,8905032
1929,9082790
1930,10200271
1931,12742972
1932,9659472
1933,9212358
1934,13019948
1935,16119374
1936,10662537
1937,11816657
1938,15513122
1939,15221575
1940,9474288
1941,10123250
1942,9350348
1943,13872338
1944,12740568
1945,13137551
1946,10845095
1947,10052981
1948,13809652
1949,8216822
1950,13666408
1951,8566956
1952,8483400
1953,8557326
1954,11446957
1955,11260284
1956,15890541
1957,14254075
1958,13829576
1959,12850723
1960,14265179
1961,14256955
1962,16229222
1963,10922022
1964,11458477
1965,14299381
1966,12573526
1967,11971621
1968,9807138
1969,15579085
1970,14185294
1971,9447134
1972,8576884
1973,8404231
1974,8057656
1975,15294022
1976,8874765
1977,8664777
1978,9176511
1979,8836133
1980,14305582
1981,11293589
1982,9361889
1983,10111178
1984,13693359
1985,10751892
1986,10106736
1987,10432568
1988,10930601
1989,10184903
1990,11575587
1991,9191435
1992,9136764
1993,11712569
1994,11831055
1995,9780119
1996,10466457
1997,13035382
1998,8899781
1999,9734327
2000,8928801
2001,11529439
2002,16731094
2003,15338907
2004,13532809
2005,10691725
2006,14757042
2007,17902743
2008,19464890
2009,9738227
2010,9123761
2011,13674203
2012,15807148
2013,9677530
2014,8908426
2015,11824718
2016,14115668
2017,9095096
2018,9522506
2019,13092131
2020,10258359
2021,11042518
2022,9622970
2023,15445919
2024,10753249
2025,15104634
2026,22628964
2027,13170058
2028,10388724
2029,13961581
2030,12052195
2031,8981286
2032,9399444
2033,8480891
2034,9230710
2035,15342360
2036,12039002
2037,8221715
2038,9677849
2039,12457592
2040,15148895
2041,15684410
2042,15840708
2043,16334940
2044,10134599
2045,9280579
2046,8415990
2047,10198164
2048,13591383
2049,10719213
2050,8380373
2051,9756388
2052,8367305
2053,12452229
2054,11759240
2055,8424038
2056,13553673
2057,15987190
2058,15975006
2059,10949027
2060,8237101
2061,8910915
2062,8371050
2063,10605558
2064,8583385
2065,9832646
2066,13455571
2067,12976447
2068,11043515
2069,16351556
2070,15282058
2071,8950436
2072,13414526
2073,9617521
2074,15141910
2075,16546230
2076,16590762
2077,16646468
2078,16111340
2079,9030646
2080,9214899
2081,16291864
2082,16227550
2083,16295269
2084,16225578
2085,16574338
2086,16546694
2087,8450837
2088,14015821
2089,11433624
2090,16764971
2091,16824043
2092,8644988
2093,16058228
2094,16893382
2095,16104014
2096,9453049
2097,13222973
2098,8841881
2099,8585887
2100,11039887
2101,17057417
2102,11643341
2103,8780773
2104,8879434
2105,9848677
2106,17099007
2107,16128008
2108,10022376
2109,9287498
2110,9972611
2111,9322490
2112,9875445
2113,12196818
2114,11579306
2115,10699093
2116,15967670
2117,17128548
2118,14773578
2119,9551564
2120,13174696
2121,17236571
2122,13196249
2123,9738431
2124,9809148
2125,14780848
2126,13397275
2127,10836985
2128,11120517
2129,16670204
2130,14484673
2131,17219497
2132,13311629
2133,9127148
2134,9703158
2135,12652272
2136,16202004
2137,17649571
2138,17366747
2139,17047173
2140,20258263
2141,15636401
2142,13373283
2143,16839919
2144,15256208
2145,17537668
2146,17763456
2147,9720749
2148,9059606
2149,9117431
2150,9000125
2151,12979945
2152,11963576
2153,15425533
2154,14439408
2155,10866562
2156,9363609
2157,9212633
2158,15858067
2159,17341045
2160,17147104
2161,12625645
2162,15693519
2163,10352148
2164,15878816
2165,13071483
2166,12087537
2167,17519094
2168,15379808
2169,12894611
2170,11241490
2171,17241941
2172,17639897
2173,17709574
2174,11409759
2175,17146489
2176,18760736
2177,16166117
2178,10981837
2179,10255366
2180,9690043
2181,15228254
2182,13907515
2183,14496647
2184,17828087
2185,10303065
2186,9399345
2187,14236583
2188,13894391
2189,15833283
2190,15678063
2191,11243838
2192,13382460
2193,13194921
2194,11198068
2195,10187699
2196,10220117
2197,18130247
2198,14261794
2199,16225555
2200,15638569
2201,10832647
2202,11767033
2203,10419675
2204,10747769
2205,11417272
2206,15512056
2207,15012280
2208,11018529
2209,10608509
2210,10296464
2211,10612062
2212,10961612
2213,14024836
2214,12019424
2215,12869728
2216,17577217
2217,14654270
2218,13692606
2219,12568541
2220,18766587
2221,11757256
2222,10235869
2223,9797073
2224,9696079
2225,9843934
2226,12153240
2227,14175187
2228,17670471
2229,17940125
2230,18113205
2231,13520542
2232,10213112
2233,9698766
2234,14698772
2235,18311205
2236,16476916
2237,9827335
2238,12482747
2239,11946978
2240,16475207
2241,14686087
2242,11095085
2243,9879732
2244,18846145
2245,13158122
2246,9985247
2247,12553242
2248,14712000
2249,14370348
2250,16901075
2251,11793928
2252,13220522
2253,12353406
2254,15138315
2255,12718813
2256,13562767
2257,14491612
2258,12586624
2259,11549435
2260,11474861
2261,12097662
2262,12310135
2263,12852746
2264,11714600
2265,13281153
2266,15786564
2267,15514193
2268,14266904
2269,18498411
2270,24122355
2271,12068500
2272,10452288
2273,10291025
2274,12277755
2275,11535244
2276,11249315
2277,14065654
2278,11111462
2279,11341128
2280,11506392
2281,13769077
2282,15177884
2283,11632420
2284,13084960
2285,11133495
2286,11654637
2287,11901258
2288,10976365
2289,12200206
2290,11836741
2291,11452691
2292,10649193
2293,10820402
2294,10731736
2295,13124108
2296,14005859
2297,12751835
2298,14433947
2299,12601424
2300,16822882
2301,12813458
2302,11473385
2303,10821768
2304,11636968
2305,10889926
2306,12447684
2307,11369633
2308,11864922
2309,12949669
2310,11247978
2311,13370665
2312,12621712
2313,10695482
2314,12428355
2315,12065468
2316,11268386
2317,11172443
2318,11115589
2319,11591456
2320,10924034
2321,11099304
2322,10943614
2323,11178655
2324,11368273
2325,10907613
2326,10957339
2327,10951448
2328,11275597
2329,10973686
2330,11143524
2331,10902510
2332,15479197
2333,13629358
2334,11336720
2335,13788240
2336,16428793
2337,13133154
2338,11492217
2339,11837272
2340,12170763
2341,12631113
2342,14490043
2343,15172730
2344,15578364
2345,13943622
2346,14740034
2347,15621423
2348,15187066
2349,11986667
2350,13075145
2351,11507258
2352,15175122
2353,17038972
2354,14675348
2355,11263598
2356,11843687
2357,12369927
2358,11985839
2359,15888670
2360,11958171
2361,15380454
2362,12910628
2363,12901381
2364,20599507
2365,12477449
2366,12870371
2367,14267379
2368,12151952
2369,17285905
2370,18121161
2371,11414882
2372,12047088
2373,12691494
2374,11913769
2375,11138552
2376,11697552
2377,11157673
2378,11133995
2379,11099967
2380,11570573
2381,14254835
2382,12240831
2383,11108731
2384,13426142
2385,12774626
2386,11267349
2387,11409052
2388,14860104
2389,11572303
2390,11591394
2391,11884406
2392,11558966
2393,11217652
2394,13232080
2395,11321142
2396,12020282
2397,11266358
2398,11228973
2399,11597323
2400,20703258
2401,12426476
2402,11428292
2403,11636036
2404,12858134
2405,11349435
2406,11705728
2407,11543512
2408,11395304
2409,11636128
2410,12872142
2411,11918570
2412,12934608
2413,13527541
2414,16084295
2415,12528249
2416,11568313
2417,11513922
2418,11560983
2419,11578640
2420,12237021
2421,11548023
2422,11717562
2423,12937787
2424,11612133
2425,11501832
2426,11745515
2427,11904673
2428,11618827
2429,11713187
2430,11575433
2431,11600375
2432,11553674
2433,17698592
2434,11773304
2435,13361945
2436,11662267
2437,12091184
2438,11706260
2439,12597267
2440,11649833
2441,12220732
2442,13078868
2443,12158387
2444,11690545
2445,11722688
2446,11771234
2447,11838186
2448,11940970
2449,11720923
2450,13497247
2451,13023883
2452,15129396
2453,14886742
2454,11886197
2455,12548817
2456,12415746
2457,11890002
2458,11900820
2459,11981438
2460,11877610
2461,15699339
2462,20503046
2463,12622059
2464,13626730
2465,12550581
2466,12374048
2467,14058582
2468,12423828
2469,12022360
2470,12144999
2471,12450452
2472,12784492
2473,12096876
2474,12326245
2475,16953725
2476,18122703
2477,15237313
2478,14331688
2479,14295824
2480,13658858
2481,13584314
2482,20471667
2483,24329294
2484,17166066
2485,19436340
2486,13360649
2487,15126291
2488,13183475
2489,13915062
2490,17806635
2491,14954816
2492,14767651
2493,14998505
2494,14272985
2495,13789787
2496,18547385
2497,15393411
2498,15036175
2499,15435665
2500,13786691
2501,14782445
2502,13671789
2503,13898768
2504,16929816
2505,12367331
2506,12354752
2507,12687975
2508,14470337
2509,14346810
2510,19768212
2511,20988203
2512,13045697
2513,12568533
2514,12668353
2515,12915565
2516,12752719
2517,14695495
2518,19493683
2519,27048556
2520,14688836
2521,18769408
2522,15801511
2523,13422985
2524,13898906
2525,13218083
2526,14008124
2527,12406613
2528,12508540
2529,12571021
2530,15295314
2531,20040892
2532,14978124
2533,12481032
2534,12501156
2535,13214688
2536,12792009
2537,13388836
2538,12575422
2539,13247286
2540,12739455
2541,12748927
2542,14802010
2543,13010296
2544,12792811
2545,12670683
2546,12975546
2547,12841447
2548,13173938
2549,12693464
2550,12736813
2551,12919936
2552,12835651
2553,13082525
2554,12712060
2555,13745250
2556,14754396
2557,13197437
2558,12940824
2559,12910329
2560,12862831
2561,18788923
2562,23249893
2563,30610405
2564,52092120
2565,24868035
2566,21488542
2567,18086877
2568,15162095
2569,17109452
2570,14915860
2571,15676197
2572,14601341
2573,15571101
2574,15235324
2575,18527099
2576,27547315
2577,23457904
2578,20455121
2579,13276443
2580,13231607
2581,14614775
2582,15056161
2583,13643497
2584,13216992
2585,13274930
2586,13210891
2587,13523091
2588,15096022
2589,13819237
2590,16648706
2591,16443617
2592,21960357
2593,21046689
2594,16365296
2595,16736306
2596,21063152
2597,15993267
2598,13257761
2599,19172533
2600,23633331
2601,15344404
2602,15327896
2603,16504517
2604,14884099
2605,16579499
2606,14349598
2607,15349360
2608,14986361
2609,15636842
2610,14188692
2611,14089854
2612,13410529
2613,15057546
2614,15451346
2615,14167068
2616,13610811
2617,15232376
2618,13663834
2619,14678417
2620,14166817
2621,13741593
2622,13377751
2623,17483123
2624,13773361
2625,14022854
2626,16813458
2627,15635529
2628,22676818
2629,19100827
2630,13795540
2631,13749373
2632,14509427
2633,17612623
2634,13827097
2635,14990264
2636,13690623
2637,14379669
2638,18811906
2639,22774672
2640,17823316
2641,13951159
2642,14515694
2643,14532139
2644,16225895
2645,15692709
2646,20309028
2647,26797420
2648,20554460
2649,14773713
2650,16011071
2651,15991998
2652,14815116
2653,20388392
2654,18133446
2655,19769944
2656,17257443
2657,15488759
2658,15710009
2659,16268336
2660,16327804
2661,17859355
2662,18835164
2663,19240030
2664,18152393
2665,18385680
2666,16392622
2667,19946959
2668,15836332
2669,15619548
2670,14835593
2671,15752527
2672,15300845
2673,14634861
2674,15215161
2675,14876588
2676,14488728
2677,14621131
2678,14597967
2679,15049411
2680,14393238
2681,15601856
2682,16418213
2683,15286164
2684,14449068
2685,17772355
2686,17581299
2687,17797334
2688,18459200
2689,16601279
2690,18408775
2691,16272397
2692,19574573
2693,17224688
2694,16105420
2695,19331795
2696,17100268
2697,15505147
2698,15014922
2699,16269222
2700,15551470
2701,16160134
2702,14697590
2703,15795426
2704,18434659
2705,17419497
2706,14584568
2707,14892675
2708,17827299
2709,15170892
2710,19521162
2711,15522322
2712,14556117
2713,15295920
2714,15783107
2715,15227840
2716,16718582
2717,15492708
2718,15060806
2719,14983751
2720,15127791
2721,14903402
2722,15174267
2723,15005026
2724,15450922
2725,15037495
2726,16784907
2727,20812320
2728,16937069
2729,15988483
2730,14972142
2731,15458112
2732,14741855
2733,14589789
2734,14804751
2735,15942000
2736,14801078
2737,15508340
2738,15113400
2739,16004857
2740,16769207
2741,17384353
2742,17041069
2743,18599542
2744,21131621
2745,21038373
2746,15304450
2747,15232935
2748,14591194
2749,14655130
2750,14701515
2751,20015656
2752,19924285
2753,15612952
2754,15547674
2755,15797042
2756,17840207
2757,27131507
2758,29241928
2759,55447223
2760,38070411
2761,37092075
2762,18527113
2763,16492242
2764,16736342
2765,16125568
2766,20658745
2767,25970333
2768,15994404
2769,16188889
2770,16279800
2771,16458030
2772,24304779
2773,20469551
2774,17599657
2775,15237090
2776,15172138
2777,15743919
2778,15143547
2779,15520758
2780,15087216
2781,17200210
2782,17173322
2783,15717079
2784,16394395
2785,18196034
2786,16960081
2787,16883903
2788,15524459
2789,17744520
2790,19720432
2791,20929643
2792,20575192
2793,19614868
2794,20837033
2795,20699104
2796,21773761
2797,21190115
2798,19528549
2799,20662847
2800,17748718
2801,16322076
2802,17384594
2803,18699484
2804,16650288
2805,20810052
2806,17996340
2807,17011319
2808,17274910
2809,18698592
2810,18144924
2811,17451721
2812,20132118
2813,19342032
2814,19179368
2815,17172842
2816,18903053
2817,20455251
2818,18374646
2819,18616290
2820,18343259
2821,17383375
2822,20503661
2823,19632006
2824,18591480
2825,17274569
2826,18735437
2827,18036394
2828,17504914
2829,18061620
2830,17920327
2831,19840755
2832,19463742
2833,19761771
2834,23782621
2835,20106716
2836,19456386
2837,16336437
2838,15965796
2839,16104122
2840,17281234
2841,18376690
2842,19450400
2843,16180851
2844,16060679
2845,21711894
2846,17066555
2847,15832643
2848,15949594
2849,15965194
2850,17295848
2851,17020825
2852,29710976
2853,16850840
2854,17386270
2855,15782212
2856,16512965
2857,19892600
2858,18623776
2859,18397984
2860,17159369
2861,17988975
2862,16318493
2863,17653021
2864,19561744
2865,18912355
2866,16510415
2867,17036451
2868,16374205
2869,17408632
2870,17237390
2871,15987992
2872,16512740
2873,18574189
2874,35254652
2875,31753266
2876,25293733
2877,27053058
2878,24763194
2879,25673625
2880,25707644
2881,63799933
2882,24829810
2883,16411779
2884,19030376
2885,21156491
2886,23412102
2887,22949218
2888,16411207
2889,16420985
2890,16792658
2891,21220067
2892,18641323
2893,17906487
2894,23897166
2895,21523254
2896,24493753
2897,18899621
2898,19194681
2899,20683412
2900,20659466
2901,21508662
2902,19989526
2903,22952389
2904,24443545
2905,20887052
2906,22519091
2907,21938394
2908,21577786
2909,23349474
2910,25732456
2911,20998804
2912,23400772
2913,21421196
2914,24812148
2915,25231921
2916,19848165
2917,22251143
2918,19020830
2919,21920293
2920,18688383
2921,18312305
2922,26144297
2923,27399436
2924,19571829
2925,17405927
2926,19455678
2927,18080214
2928,19158660
2929,22288909
2930,21732718
2931,17432538
2932,17003409
2933,21802564
2934,18389611
2935,17335413
2936,16910084
2937,17184446
2938,18466600
2939,19858060
2940,19857405
2941,22319017
2942,29211530
2943,30944543
2944,23548311
2945,24064948
2946,20344907
2947,19609481
2948,18789699
2949,18925993
2950,20706461
2951,22442146
2952,35312866
2953,18495132
2954,19048755
2955,17761097
2956,17664087
2957,20245179
2958,18254297
2959,28843053
2960,25837501
2961,27487748
2962,20323081
2963,21700315
2964,23304973
2965,18134808
2966,22480146
2967,18196673
2968,27784624
2969,20372709
2970,17875768
2971,19599331
2972,19927768
2973,19768542
2974,19342242
2975,20224281
2976,20344484
2977,20217134
2978,20265460
2979,19395152
2980,23070193
2981,25334875
2982,20516685
2983,20365298
2984,20502046
2985,27551804
2986,19029070
2987,22413993
2988,33176781
2989,22761656
2990,19363513
2991,18038866
2992,17729837
2993,17625174
2994,21127315
2995,20235100
2996,18313865
2997,17669601
2998,20578092
2999,21756668
3000,22017381
3001,20419035
3002,20358544
3003,20771523
3004,23417279
3005,20435144
3006,21752713
3007,32142303
3008,26233848
3009,19802083
3010,24656597
3011,19863851
3012,19996658
3013,20848682
3014,20719243
3015,22181265
3016,21450449
3017,20942726
3018,25611824
3019,23664714
3020,20883292
3021,20824809
3022,20353863
3023,20812721
3024,21553726
3025,22359170
3026,26029663
3027,43942242
3028,31420737
3029,36247941
3030,26098528
3031,26259567
3032,27887088
3033,27857379
3034,28668056
3035,26399773
3036,22487315
3037,22695553
3038,21051751
3039,21509997
3040,20935427
3041,27970973
3042,22213668
3043,18966959
3044,20952502
3045,20151975
3046,29783616
3047,30138272
3048,74549247
3049,21180729
3050,21443983
3051,18475703
3052,18347500
3053,18090197
3054,18377444
3055,18579643
3056,18374801
3057,18572117
3058,22372719
3059,18343679
3060,18226721
3061,18290550
3062,18217512
3063,18356255
3064,18436002
3065,18773591
3066,18933492
3067,18314162
3068,18458914
3069,23501719
3070,21623752
3071,22379377
3072,29977294
3073,23865439
3074,22681907
3075,21687057
3076,20393931
3077,20558110
3078,23065941
3079,21857478
3080,20937075
3081,22804617
3082,30474568
3083,27133890
3084,19850197
3085,18737210
3086,23872837
3087,20080668
3088,25900120
3089,29827994
3090,29979078
3091,23239561
3092,22160173
3093,21613765
3094,20487621
3095,19218934
3096,20970620
3097,20472628
3098,19320501
3099,20198764
3100,18863962
3101,19261189
3102,23399292
3103,22120130
3104,22618583
3105,22486426
3106,21623924
3107,21927836
3108,21769866
3109,21822325
3110,21825914
3111,21958195
3112,23863598
3113,23014125
3114,27201291
3115,30485566
3116,24671490
3117,21941320
3118,21164857
3119,20625517
3120,21707588
3121,23537200
3122,25220279
3123,22447931
3124,22225666
3125,23638113
3126,22167533
3127,22161545
3128,24246975
3129,22484052
3130,21535823
3131,25630700
3132,20519868
3133,19552689
3134,23719040
3135,19517357
3136,21685097
3137,22936385
3138,22590770
3139,23731624
3140,22665067
3141,22819182
3142,23144184
3143,22538715
3144,30230738
3145,28525741
3146,24542683
3147,24551639
3148,22916403
3149,20381268
3150,24928394
3151,23083696
3152,20695614
3153,27540419
3154,19754821
3155,23200653
3156,20876398
3157,23990908
3158,20854837
3159,22031528
3160,20799778
3161,19965832
3162,22822471
3163,23206371
3164,22756116
3165,22967070
3166,24479735
3167,23068566
3168,24082542
3169,22797648
3170,23687027
3171,22460867
3172,22628576
3173,22727652
3174,22594904
3175,23282818
3176,22976676
3177,34741826
3178,30341206
3179,21256100
3180,21005545
3181,21537042
3182,24866171
3183,19958003
3184,22328304
3185,19837359
3186,19661108
3187,21541082
3188,21147824
3189,21756709
3190,21414829
3191,23469351
3192,21908866
3193,20054901
3194,20150555
3195,21972493
3196,20224423
3197,20218249
3198,19955737
3199,20776901
3200,20039937
3201,20114832
3202,20290936
3203,23857354
3204,24202714
3205,23945397
3206,23285975
3207,24144900
3208,29866985
3209,24252773
3210,29280702
3211,27499718
3212,40815142
3213,26268880
3214,26412309
3215,24240614
3216,23637188
3217,22549203
3218,28623690
3219,21755846
3220,21470748
3221,20668751
3222,21206698
3223,28314298
3224,26813789
3225,28410010
3226,29810829
3227,23207905
3228,22845816
3229,28357190
3230,26483883
3231,22256569
3232,25975296
3233,32560947
3234,29100916
3235,25415770
3236,22854561
3237,30465589
3238,27057418
3239,23994381
3240,26026614
3241,25753722
3242,21485881
3243,20642421
3244,20779582
3245,20858084
3246,20900093
3247,21209445
3248,21899981
3249,24679836
3250,24345183
3251,24692794
3252,20949386
3253,27654233
3254,25120261
3255,21259450
3256,20787347
3257,20948848
3258,20915219
3259,20878542
3260,21543333
3261,34645653
3262,32016306
3263,53876273
3264,48917575
3265,35780590
3266,35407668
3267,23146441
3268,31759835
3269,25038623
3270,31237777
3271,24834073
3272,34023632
3273,42418022
3274,35983670
3275,38196256
3276,41552261
3277,45232762
3278,25303314
3279,25519905
3280,34147762
3281,36017582
3282,35970741
3283,26582575
3284,25242081
3285,30201167
3286,31816551
3287,29520552
3288,39890650
3289,31800745
3290,46771181
3291,41055021
3292,30205522
3293,30631655
3294,30801250
3295,27830890
3296,25889124
3297,26396229
3298,26728914
3299,26705605
3300,22383042
3301,25232216
3302,28830300
3303,21581292
3304,30598445
3305,24616258
3306,24694633
3307,21424206
3308,22234115
3309,27041469
3310,21782845
3311,33335031
3312,78894603
3313,48681861
3314,25281366
3315,24229376
3316,22758744
3317,23912642
3318,22154902
3319,23083683
3320,22403777
3321,22865580
3322,22406931
3323,22208589
3324,22269809
3325,22929832
3326,27785919
3327,25482433
3328,28530827
3329,27200500
3330,27997815
3331,27197689
3332,26435078
3333,26336110
3334,26857130
3335,26964818
3336,33399981
3337,25862472
3338,24167623
3339,40627870
3340,24791742
3341,22318868
3342,22191851
3343,22598791
3344,22494503
3345,23845793
3346,21952111
3347,27181017
3348,29256895
3349,22900852
3350,21932662
3351,22882970
3352,25308914
3353,26386669
3354,26133770
3355,22656101
3356,31915400
3357,22462866
3358,29216963
3359,27286817
3360,25775101
3361,25293733
3362,26014320
3363,26380428
3364,33125677
3365,37182540
3366,39295474
3367,33919457
3368,32585898
3369,31807370
3370,67595068
3371,43127737
3372,33630822
3373,33315678
3374,34692312
3375,33636433
3376,34814951
3377,35380949
3378,25646064
3379,28063298
3380,29450394
3381,22617836
3382,22796068
3383,22609527
3384,25346858
3385,26832933
3386,30686555
3387,31087107
3388,34540758
3389,46311483
3390,47738094
3391,31345084
3392,34095318
3393,28272697
3394,26711569
3395,32384210
3396,41712269
3397,22595723
3398,27877758
3399,30774747
3400,31502807
3401,29039709
3402,29266646
3403,30596939
3404,31234130
3405,36974341
3406,28074193
3407,27733806
3408,23291513
3409,26565295
3410,23191268
3411,24849251
3412,32951458
3413,31257316
3414,26635829
3415,30713803
3416,29612537
3417,32022753
3418,29126393
3419,29591917
3420,24928817
3421,25101421
3422,26717622
3423,31900165
3424,30007181
3425,27081262
3426,26781488
3427,25949966
3428,27157769
3429,26923332
3430,26921752
3431,40728532
3432,28565453
3433,25110516
3434,23333395
3435,25052719
3436,25502167
3437,23604499
3438,23862385
3439,30898309
3440,25662446
3441,30499302
3442,36887514
3443,32790796
3444,28786188
3445,27459140
3446,28502150
3447,35020567
3448,37939835
3449,30992049
3450,34215014
3451,30203793
3452,24786395
3453,30309586
3454,27080375
3455,32587168
3456,32300057
3457,31544078
3458,32680266
3459,24525520
3460,29232409
3461,28247123
3462,27709506
3463,25660605
3464,27358179
3465,31321002
3466,31853347
3467,26599946
3468,24562580
3469,30873275
3470,42722448
3471,50089897
3472,35207689
3473,36679417
3474,24284334
3475,25810034
3476,31754382
3477,35919153
3478,39826521
3479,39537848
3480,63134037
3481,28000305
3482,24374019
3483,26046463
3484,29425930
3485,27223544
3486,27126278
3487,24928507
3488,26649404
3489,24616223
3490,28786450
3491,34517388
3492,34568950
3493,31376568
3494,32254066
3495,31098198
3496,30124325
3497,38297160
3498,30675161
3499,32941419
3500,28981324
3501,30415544
3502,27481232
3503,29819813
3504,29353648
3505,33134762
3506,33337854
3507,32384527
3508,27958478
3509,26841798
3510,31455760
3511,28675125
3512,30905744
3513,27794358
3514,26062123
3515,34331855
3516,30359172
3517,27992784
3518,25793502
3519,24465121
3520,24786541
3521,25298181
3522,26259363
3523,36585665
3524,30515067
3525,28122782
3526,28587846
3527,35684744
3528,42472048
3529,38360297
3530,35179893
3531,37349316
3532,37285594
3533,33316908
3534,35266070
3535,34392970
3536,37996479
3537,32795644
3538,25991390
3539,27027140
3540,24572949
3541,28191229
3542,28098081
3543,36536524
3544,35333361
3545,44787027
3546,33604146
3547,28491315
3548,35368768
3549,34488528
3550,31278443
3551,28507743
3552,26557333
3553,33688104
3554,45785609
3555,29574808
3556,27025769
3557,26870678
3558,26370854
3559,25237227
3560,27598016
3561,29695237
3562,27446689
3563,27929184
3564,27319545
3565,26854172
3566,25292983
3567,25009124
3568,24913064
3569,26799347
3570,25408564
3571,26505211
3572,26380463
3573,32944073
3574,29256411
3575,31485892
3576,39283483
3577,29305617
3578,26912098
3579,32948155
3580,26473773
3581,28054774
3582,40942118
3583,27587364
3584,24984254
3585,25222560
3586,27153938
3587,27106515
3588,28774075
3589,33121179
3590,30978024
3591,33231426
3592,29853058
3593,31974429
3594,28003065
3595,29477949
3596,30770337
3597,27316042
3598,30234187
3599,29948669
3600,26798094
3601,38171620
3602,28524663
3603,26229661
3604,25579444
3605,29708416
3606,27148207
3607,28143766
3608,29215335
3609,29385597
3610,30215565
3611,35753814
3612,31267566
3613,42983718
3614,50513790
3615,34335523
3616,30782482
3617,31766357
3618,30788871
3619,30094512
3620,29432781
3621,30271156
3622,27622368
3623,29556121
3624,32024766
3625,30327645
3626,33460764
3627,44766393
3628,31747431
3629,30217861
3630,28038703
3631,30182317
3632,30221191
3633,29966085
3634,28129837
3635,27470596
3636,30218834
3637,27579251
3638,27278658
3639,27155567
3640,28409496
3641,29980384
3642,30108858
3643,31993243
3644,26361534
3645,26080200
3646,26727086
3647,26241509
3648,30164855
3649,26300837
3650,52992651
3651,52047069
3652,36567329
3653,32343503
3654,28932493
3655,26826910
3656,52485478
3657,33593174
3658,33949928
3659,28609173
3660,26877104
3661,27119514
3662,35142406
3663,28380685
3664,26492518
3665,30604616
3666,37333307
3667,30105882
3668,29548850
3669,31408341
3670,31313504
3671,30537385
3672,31854883
3673,36095279
3674,31315347
3675,31079617
3676,29911256
3677,34050298
3678,31959054
3679,31800736
3680,31301226
3681,31209755
3682,29769140
3683,34319759
3684,31818676
3685,29993109
3686,30169355
3687,29283390
3688,31205811
3689,31715748
3690,44687570
3691,41830704
3692,37135494
3693,27467653
3694,41827081
3695,37409583
3696,26660045
3697,28714412
3698,28099520
3699,49520551
3700,74647868
3701,31024028
3702,31292002
3703,28362183
3704,27105111
3705,49207618
3706,28902192
3707,30410155
3708,28760402
3709,27893748
3710,33696195
3711,27033215
3712,29180669
3713,26831306
3714,28608654
3715,29313568
3716,28808457
3717,28400735
3718,30051057
3719,31492599
3720,30744702
3721,32130572
3722,31894720
3723,30097676
3724,39240967
3725,34029276
3726,33428546
3727,35295719
3728,29706541
3729,35927175
3730,32725569
3731,32917934
3732,30391354
3733,36544216
3734,37393114
3735,34729926
3736,30463302
3737,30941952
3738,33898176
3739,37810479
3740,30854129
3741,31022080
3742,32429194
3743,30914975
3744,30936431
3745,30745742
3746,37828553
3747,31786358
3748,32000446
3749,30337118
3750,30805434
3751,33013877
3752,30010694
3753,35174708
3754,30585722
3755,27904517
3756,33839903
3757,39095708
3758,30902213
3759,31420308
3760,41166778
3761,44759877
3762,28472718
3763,30955868
3764,34232584
3765,57669409
3766,81207377
3767,34417236
3768,32216582
3769,29731164
3770,36323560
3771,32332566
3772,30416838
3773,29965081
3774,28843492
3775,31161705
3776,32012138
3777,29372870
3778,31554709
3779,31777743
3780,33840109
3781,33268189
3782,32552191
3783,33491853
3784,33556088
3785,31713774
3786,34632204
3787,34529530
3788,38449073
3789,31120193
3790,35314677
3791,35272993
3792,33267552
3793,32380351
3794,31353545
3795,37263048
3796,33449376
3797,36671685
3798,32168130
3799,32258725
3800,31082219
3801,33516739
3802,35463621
3803,31966347
3804,32313186
3805,35091575
3806,31719260
3807,32447923
3808,28610185
3809,34265084
3810,33477880
3811,42274532
3812,46301911
3813,31767206
3814,30902207
3815,31107929
3816,28369465
3817,28684452
3818,28683666
3819,30367813
3820,70401273
3821,42861563
3822,57521498
3823,31793641
3824,32994735
3825,28846147
3826,40569472
3827,54765553
3828,73445979
3829,43503408
3830,33075587
3831,39448334
3832,43683977
3833,29628773
3834,30316675
3835,28762764
3836,30835592
3837,31435870
3838,28964733
3839,29218442
3840,35700314
3841,39626106
3842,34623405
3843,44115498
3844,57621599
3845,50472898
3846,46869592
3847,39420621
3848,34289625
3849,32145336
3850,31785351
3851,35538674
3852,49168321
3853,46223140
3854,36016990
3855,36748441
3856,37825406
3857,43830871
3858,42382846
3859,50972761
3860,55117906
3861,45563896
3862,34315562
3863,36489805
3864,30588504
3865,34196419
3866,43899548
3867,29418449
3868,29343442
3869,40488018
3870,34487021
3871,38037559
3872,39510683
3873,37400290
3874,58791772
3875,49331760
3876,29377660
3877,71786121
3878,32004449
3879,33751584
3880,50489212
3881,57267515
3882,53626245
3883,41289611
3884,32363021
3885,32129614
3886,34910368
3887,42656504
3888,50337695
3889,47423679
3890,46060079
3891,34015732
3892,34770340
3893,54405741
3894,51119383
3895,47682877
3896,38563640
3897,33659572
3898,33188211
3899,33846325
3900,32085455
3901,36728298
3902,35150266
3903,47237708
3904,40580771
3905,43575719
3906,45305838
3907,33780241
3908,30796317
3909,29701663
3910,43473338
3911,31581595
3912,43069508
3913,49297870
3914,31010873
3915,34045367
3916,30246205
3917,30243774
3918,30368247
3919,32981943
3920,61266431
3921,48017409
3922,41288427
3923,32796971
3924,29950840
3925,31406265
3926,31550376
3927,30263915
3928,30065608
3929,31904171
3930,54847904
3931,61166661
3932,36230387
3933,34884797
3934,30307496
3935,33139418
3936,34532108
3937,53060830
3938,37211626
3939,49119829
3940,40473041
3941,41432376
3942,38216921
3943,30174697
3944,30541544
3945,31477998
3946,32018786
3947,30611575
3948,32328595
3949,32623913
3950,32814542
3951,30871815
3952,32240651
3953,41988181
3954,30404001
3955,30908121
3956,32367613
3957,31121498
3958,30933988
3959,30808709
3960,31108182
3961,30850757
3962,31177540
3963,31193999
3964,32049627
3965,35461221
3966,37825688
3967,38327591
3968,31405418
3969,31383318
3970,41595269
3971,31994523
3972,31900018
3973,30706571
3974,50029397
3975,66649846
3976,50313277
3977,35664032
3978,45619764
3979,46026392
3980,32360527
3981,37448148
3982,31340824
3983,32987418
3984,46263214
3985,41404699
3986,50360604
3987,42227857
3988,40004496
3989,34688777
3990,34801177
3991,34086043
3992,47378245
3993,50525873
3994,38547910
3995,38639494
3996,45610179
3997,41264281
3998,38590032
3999,34835376
4000,40330204
4001,45587683
4002,41662805
4003,42115613
4004,40926162
4005,46063825
4006,43610245
4007,39353448
4008,34368482
4009,32692425
4010,33361343
4011,31785031
4012,45463551
4013,33265062
4014,33422270
4015,32123904
4016,34449536
4017,34521224
4018,33225696
4019,34770379
4020,32346477
4021,35623075
4022,47319055
4023,34328224
4024,41078755
4025,40555981
4026,33192246
4027,36561511
4028,39632693
4029,35555597
4030,37999854
4031,38492258
4032,39957076
4033,48240270
4034,35903870
4035,38951028
4036,34512518
4037,33538901
4038,33332054
4039,42953217
4040,36575488
4041,41615750
4042,39492504
4043,49077801
4044,38848029
4045,40784724
4046,43766689
4047,38429119
4048,44524552
4049,45445464
4050,36084827
4051,33891157
4052,35030904
4053,38660151
4054,35015512
4055,34384964
4056,33360051
4057,34207461
4058,39574789
4059,36006775
4060,40981267
4061,42049202
4062,45772230
4063,43287719
4064,35181687
4065,117197817
4066,43841620
4067,35898948
4068,34536166
4069,39986754
4070,37424421
4071,47326957
4072,50895972
4073,38880037
4074,35881856
4075,41355044
4076,37474554
4077,36180316
4078,41091015
4079,47382251
4080,45644945
4081,46828470
4082,41899019
4083,41553552
4084,39813193
4085,42718687
4086,41978042
4087,41731363
4088,37624596
4089,40006965
4090,37778322
4091,38925662
4092,38744822
4093,37532382
4094,36641120
4095,34081808
4096,43643874
4097,36200120
4098,33697289
4099,35597044
4100,39570629
4101,43914085
4102,49764322
4103,32689898
4104,33558776
4105,41955935
4106,40745034
4107,35334211
4108,43807279
4109,33159086
4110,35969378
4111,39638271
4112,38904422
4113,39106049
4114,63656140
4115,48588367
4116,40132206
4117,38116537
4118,40002970
4119,34932507
4120,36301915
4121,43937853
4122,53713324
4123,42619385
4124,39972912
4125,35586918
4126,34445658
4127,33865945
4128,33432577
4129,34997300
4130,33848964
4131,34865895
4132,35009902
4133,38422299
4134,40567146
4135,50238045
4136,39980334
4137,42620690
4138,38380964
4139,34004062
4140,33824100
4141,33964425
4142,33538054
4143,36828042
4144,40169441
4145,39196393
4146,41511362
4147,42643678
4148,41269998
4149,67938684
4150,44442266
4151,39038534
4152,40121681
4153,36046319
4154,35161034
4155,41716397
4156,50192450
4157,34792777
4158,39098702
4159,40302449
4160,49026965
4161,85198289
4162,39876497
4163,39136241
4164,49075030
4165,62643894
4166,52403935
4167,39549639
4168,49510471
4169,51948186
4170,54962685
4171,45119418
4172,56917829
4173,56832799
4174,40460625
4175,54337296
4176,62201759
4177,38026465
4178,37179679
4179,35685510
4180,35385927
4181,41413474
4182,45934659
4183,52515384
4184,36215911
4185,36055672
4186,43478214
4187,37851806
4188,41844881
4189,49326928
4190,39902572
4191,37500460
4192,41885491
4193,51292149
4194,45388504
4195,42370378
4196,38705748
4197,39844205
4198,44436452
4199,43762605
4200,42043868
4201,38305681
4202,45703330
4203,62218620
4204,62134717
4205,45863849
4206,45996606
4207,42725884
4208,37984299
4209,43605211
4210,49216143
4211,42919166
4212,37784558
4213,37071264
4214,37279301
4215,36485837
4216,47176475
4217,41382504
4218,41881701
4219,42880795
4220,41537669
4221,37469811
4222,38101558
4223,37914868
4224,41151137
4225,42876675
4226,40446649
4227,40412495
4228,49582248
4229,42855981
4230,49291404
4231,35197852
4232,35517188
4233,36705947
4234,46320817
4235,94897957
4236,81054179
4237,44612944
4238,47871997
4239,41906045
4240,65031075
4241,83060542
4242,45263330
4243,49237624
4244,48978579
4245,60469506
4246,45450172
4247,44118763
4248,45254898
4249,44193984
4250,57615749
4251,76352811
4252,50131886
4253,50218346
4254,47908430
4255,47960548
4256,40793805
4257,50227890
4258,47395857
4259,45921795
4260,47091372
4261,51402191
4262,49897490
4263,46044622
4264,45380780
4265,44633231
4266,39719999
4267,41780010
4268,41106118
4269,41281965
4270,46207985
4271,37732121
4272,45561551
4273,40295867
4274,46183598
4275,43246151
4276,37912142
4277,40908011
4278,43550994
4279,56573437
4280,45012282
4281,46638034
4282,44699769
4283,35940251
4284,36267736
4285,51056520
4286,36594356
4287,51784248
4288,43779351
4289,36274854
4290,36075641
4291,36305842
4292,36342734
4293,37781124
4294,36204877
4295,37987296
4296,37146548
4297,36321529
4298,37784948
4299,36919313
4300,51776901
4301,42109513
4302,41320065
4303,36402593
4304,54349757
4305,47020347
4306,53471245
4307,65524349
4308,49457597
4309,49325771
4310,47327823
4311,73758216
4312,38051077
4313,36640943
4314,45098627
4315,37845537
4316,36837294
4317,37596638
4318,37897931
4319,38681669
4320,44833915
4321,42800370
4322,61520590
4323,58189463
4324,44529907
4325,43647914
4326,37707520
4327,42231600
4328,38939167
4329,39884515
4330,46399992
4331,41224867
4332,48822537
4333,40369126
4334,41799196
4335,46616549
4336,46668150
4337,43832086
4338,38641311
4339,42662416
4340,37617662
4341,46983346
4342,39385086
4343,37295213
4344,37675444
4345,38637530
4346,39173503
4347,37328759
4348,37858887
4349,38684370
4350,61351333
4351,40807816
4352,48670509
4353,49008177
4354,38863909
4355,37920403
4356,42998516
4357,55636202
4358,47716056
4359,50686188
4360,38790558
4361,37313110
4362,39170765
4363,37668282
4364,37829850
4365,37523681
4366,37471254
4367,39020265
4368,41378287
4369,40729811
4370,38971664
4371,37920817
4372,38468011
4373,38084592
4374,45990167
4375,88656724
4376,67961576
4377,50756679
4378,42560515
4379,50505241
4380,43223575
4381,41281126
4382,40637968
4383,42419945
4384,45520440
4385,49259644
4386,43377782
4387,44050128
4388,44226987
4389,41547933
4390,43811105
4391,45219289
4392,48117152
4393,43095103
4394,40125847
4395,47134557
4396,51157698
4397,49383219
4398,66065049
4399,45224278
4400,41877346
4401,43496073
4402,44008890
4403,43750318
4404,47371557
4405,44078589
4406,43878948
4407,44502827
4408,49318233
4409,41437721
4410,43584519
4411,43306443
4412,46773502
4413,40091597
4414,40870899
4415,44835774
4416,67271798
4417,44651365
4418,50823875
4419,48326590
4420,39470719
4421,39934175
4422,44391091
4423,49642242
4424,61166768
4425,41154454
4426,40708470
4427,45613825
4428,45489352
4429,45663618
4430,44335717
4431,46167860
4432,45849008
4433,58479846
4434,52572457
4435,44701038
4436,44925817
4437,46428249
4438,44812575
4439,50373120
4440,48170749
4441,45288614
4442,55010021
4443,46632211
4444,45684761
4445,62201262
4446,42509317
4447,44105549
4448,42975054
4449,40515357
4450,45283003
4451,45846319
4452,39338115
4453,38954361
4454,39088577
4455,38991061
4456,68127620
4457,55335059
4458,41699158
4459,47589854
4460,42861722
4461,47014065
4462,58935825
4463,39948728
4464,42522562
4465,39738196
4466,47024036
4467,61317290
4468,47431903
4469,44298177
4470,41597184
4471,44898867
4472,40785815
4473,43445199
4474,39754539
4475,39551729
4476,39597051
4477,44886425
4478,46578193
4479,47905773
4480,60122385
4481,46514210
4482,44455857
4483,44411761
4484,41478574
4485,42759669
4486,64928438
4487,60580176
4488,43566637
4489,48101610
4490,39789449
4491,53005805
4492,52691139
4493,39378427
4494,45014194
4495,43640328
4496,40105578
4497,39870643
4498,41532155
4499,40636723
4500,42259275
4501,39767970
4502,40464441
4503,42888764
4504,50300551
4505,43945668
4506,41250512
4507,42473349
4508,51834864
4509,47568676
4510,48039060
4511,57220109
4512,47306629
4513,55028694
4514,51127404
4515,48577160
4516,47067924
4517,43840343
4518,104661692
4519,56147363
4520,45195610
4521,40128212
4522,45844512
4523,57010035
4524,47625938
4525,48844060
4526,49395973
4527,56874957
4528,50653402
4529,48708640
4530,50099298
4531,47101753
4532,105899996
4533,49170046
4534,40481078
4535,47179024
4536,55199900
4537,40297537
4538,41247687
4539,52314907
4540,57462839
4541,40988477
4542,47648905
4543,49395062
4544,58034534
4545,44742154
4546,41164231
4547,41750284
4548,40596996
4549,64760499
4550,42381776
4551,40618587
4552,41354240
4553,42505111
4554,41615745
4555,57646842
4556,40898948
4557,40647478
4558,48933881
4559,40589134
4560,43471804
4561,41940024
4562,42421689
4563,42169828
4564,41033526
4565,42042667
4566,51754594
4567,40835637
4568,46992408
4569,42230292
4570,41300478
4571,53138337
4572,53734696
4573,46035360
4574,40862547
4575,41407783
4576,41484005
4577,41964566
4578,42836922
4579,43000797
4580,41282289
4581,41684758
4582,41146767
4583,60551606
4584,52585558
4585,47417169
4586,48864520
4587,50940038
4588,46846258
4589,46618379
4590,47759765
4591,50189532
4592,61694678
4593,46429551
4594,49593997
4595,52470188
4596,48673639
4597,47796961
4598,47317615
4599,47348688
4600,58469262
4601,42933633
4602,46889133
4603,45465653
4604,43504679
4605,43973159
4606,42719939
4607,42974597
4608,42736247
4609,42961527
4610,42833814
4611,45072793
4612,44616186
4613,42539986
4614,55415136
4615,44071330
4616,42716781
4617,42819077
4618,42654909
4619,42303864
4620,42990581
4621,44698635
4622,44427337
4623,43076861
4624,44715704
4625,43330882
4626,44263568
4627,42240924
4628,44210260
4629,42214642
4630,68185338
4631,42546140
4632,41679314
4633,56425080
4634,42277803
4635,42021311
4636,42264295
4637,51207194
4638,42349614
4639,43813391
4640,42559129
4641,43094331
4642,42218938
4643,43026516
4644,42853753
4645,50955754
4646,44721127
4647,43929255
4648,42693108
4649,43237289
4650,45393693
4651,43887782
4652,42920187
4653,43132959
4654,42635053
4655,43114243
4656,44502528
4657,43627879
4658,42881342
4659,50724285
4660,45950534
4661,42847270
4662,43436415
4663,44264460
4664,44114400
4665,42845238
4666,43667296
4667,47544849
4668,43865330
4669,42925999
4670,44545313
4671,44540031
4672,43777747
4673,46192742
4674,43899324
4675,43034792
4676,44493755
4677,42814232
4678,63199471
4679,49538843
4680,42497669
4681,45058596
4682,43763446
4683,43009879
4684,50786786
4685,43553453
4686,43010441
4687,42725163
4688,43623042
4689,43660043
4690,46183099
4691,43953326
4692,44698367
4693,52423154
4694,75674203
4695,42839533
4696,44110139
4697,53050760
4698,44930572
4699,49046597
4700,48378753
4701,43668769
4702,43332993
4703,54669181
4704,52932100
4705,66848542
4706,49630905
4707,44471186
4708,43820970
4709,43432904
4710,45173556
4711,44007095
4712,43922659
4713,47282098
4714,43697754
4715,43922121
4716,46668710
4717,43691685
4718,49989718
4719,45740776
4720,44181993
4721,46488741
4722,43831680
4723,62297613
4724,75473805
4725,50618847
4726,46298124
4727,46991374
4728,43993549
4729,45619081
4730,45514397
4731,49058000
4732,45686789
4733,43865775
4734,44568548
4735,47236514
4736,51519757
4737,49664892
4738,43567023
4739,43509613
4740,54283424
4741,44435120
4742,48682458
4743,44282312
4744,45430915
4745,55116415
4746,45990518
4747,45824316
4748,44793181
4749,45763448
4750,44911376
4751,44593141
4752,46609964
4753,46547329
4754,44806070
4755,46263162
4756,44975678
4757,44828749
4758,46028420
4759,46330388
4760,45380688
4761,44435577
4762,44766289
4763,44583558
4764,49826713
4765,44348841
4766,44702794
4767,44507156
4768,45057082
4769,45057213
4770,65358638
4771,52569571
4772,49058838
4773,47826367
4774,46628966
4775,46462161
4776,45957695
4777,50283268
4778,44843517
4779,46595805
4780,63283557
4781,46638854
4782,44793706
4783,45254325
4784,46120529
4785,46752460
4786,44856058
4787,45286968
4788,58084771
4789,44778407
4790,45692133
4791,45949022
4792,45299985
4793,45426953
4794,45006961
4795,48501882
4796,47181255
4797,45420101
4798,48711281
4799,45069160
4800,48441630
4801,46350293
4802,46678076
4803,45314375
4804,45661505
4805,45747657
4806,47629655
4807,45991756
4808,45304065
4809,45602382
4810,45908065
4811,46431312
4812,48185534
4813,45669653
4814,46296302
4815,45474786
4816,71967196
4817,45658813
4818,51269484
4819,57580421
4820,46059977
4821,45424426
4822,48188819
4823,56009049
4824,47214127
4825,47964199
4826,46776845
4827,45665936
4828,51804213
4829,46224954
4830,56604239
4831,45969649
4832,64638393
4833,81378824
4834,46645220
4835,72852540
4836,53623894
4837,63315974
4838,63075478
4839,45337737
4840,66506994
4841,68721388
4842,59179681
4843,70712329
4844,63372232
4845,57913000
4846,57029256
4847,51120955
4848,49600107
4849,48396595
4850,46681935
4851,47940457
4852,46527934
4853,49764369
4854,50113724
4855,47194942
4856,75108304
4857,46495264
4858,47505992
4859,59989164
4860,46957904
4861,46597337
4862,56212220
4863,46075965
4864,46670371
4865,46954151
4866,46925683
4867,57610896
4868,46560289
4869,46896103
4870,47309772
4871,46869182
4872,46707063
4873,46874029
4874,47954206
4875,48975530
4876,49816770
4877,46798910
4878,52904665
4879,48877017
4880,48542673
4881,47289938
4882,47265763
4883,52689127
4884,58525764
4885,69629888
4886,58453768
4887,59130201
4888,62212920
4889,53804988
4890,48799708
4891,47970249
4892,56004871
4893,54738732
4894,60763704
4895,66750800
4896,70531882
4897,77067196
4898,53212446
4899,57025828
4900,62722427
4901,58612192
4902,78858428
4903,51290916
4904,61455962
4905,47498302
4906,53193284
4907,58061973
4908,69886766
4909,50428415
4910,51558115
4911,48409226
4912,48475471
4913,48353744
4914,47730318
4915,50705597
4916,48124456
4917,47398564
4918,48664666
4919,51443155
4920,56786060
4921,59949014
4922,64325666
4923,64859322
4924,64116840
4925,68666289
4926,60802457
4927,153496705
4928,69844565
4929,67290812
4930,63122032
4931,61980235
4932,61992701
4933,57141123
4934,59726841
4935,64585672
4936,51780962
4937,53188454
4938,51844346
4939,50052975
4940,50238033
4941,48760095
4942,51896586
4943,48232630
4944,51023189
4945,49465573
4946,49603871
4947,54125264
4948,49131244
4949,59676738
4950,60633240
4951,84271515
4952,60574312
4953,61528652
4954,54482970
4955,57526299
4956,52635949
4957,52711240
4958,57628401
4959,54380862
4960,55131406
4961,53673462
4962,55853111
4963,51455836
4964,52770421
4965,56671431
4966,54676179
4967,50214525
4968,49177055
4969,51640894
4970,48645700
4971,60250306
4972,57312182
4973,67453343
4974,65734524
4975,48659716
4976,53197972
4977,48968683
4978,50106889
4979,49206100
4980,51304582
4981,50883731
4982,49204212
4983,49570724
4984,50871828
4985,54668559
4986,49326812
4987,48799342
4988,50608749
4989,52799628
4990,49121109
4991,75952681
4992,55881346
4993,53413473
4994,49035105
4995,50603623
4996,49172971
4997,49158644
4998,49202720
4999,53693611
