Array Size,Top Down Time (us),Bottom Up Time (us)
10,7,6
20,33,11
30,28,19
40,27,21
50,31,16
60,29,20
70,17,13
80,27,22
90,31,24
100,33,196
110,145,81
120,24,20
130,44,35
140,28,23
150,182,95
160,122,105
170,130,115
180,102,87
190,88,73
200,96,80
210,37,30
220,262,285
230,67,87
240,219,187
250,546,183
260,141,133
270,78,78
280,114,100
290,168,122
300,222,146
310,346,260
320,308,235
330,273,244
340,272,182
350,81,75
360,344,297
370,245,222
380,223,169
390,198,163
400,176,130
410,372,309
420,539,383
430,247,184
440,698,725
450,295,255
460,258,261
470,121,124
480,182,130
490,113,101
500,244,193
510,779,643
520,502,377
530,351,348
540,380,299
550,233,150
560,413,346
570,484,314
580,382,245
590,646,426
600,1569,578
610,782,516
620,571,264
630,388,302
640,137,123
650,226,195
660,389,278
670,568,421
680,547,518
690,305,240
700,658,551
710,1099,914
720,144,131
730,1162,1018
740,1023,472
750,583,406
760,599,265
770,559,527
780,997,1045
790,510,492
800,435,266
810,1086,445
820,678,527
830,171,156
840,807,482
850,256,195
860,313,222
870,310,284
880,1040,628
890,1090,226
900,1674,760
910,466,452
920,859,589
930,627,508
940,730,762
950,442,460
960,171,186
970,432,210
980,598,566
990,986,794
1000,148,109
1010,683,609
1020,928,677
1030,298,225
1040,365,445
1050,496,417
1060,272,312
1070,328,283
1080,658,600
1090,1302,671
1100,606,494
1110,553,398
1120,718,542
1130,1078,925
1140,1544,855
1150,1015,917
1160,583,506
1170,1031,688
1180,110,128
1190,663,802
1200,1007,906
1210,256,222
1220,269,178
1230,419,339
1240,381,434
1250,1305,1138
1260,1497,624
1270,212,211
1280,610,479
1290,1776,931
1300,1463,1538
1310,710,552
1320,928,849
1330,553,517
1340,1574,729
1350,512,472
1360,1337,898
1370,846,731
1380,1227,1182
1390,978,1126
1400,220,146
1410,1719,1021
1420,287,258
1430,438,415
1440,695,472
1450,982,702
1460,1062,698
1470,242,342
1480,364,284
1490,717,481
1500,561,424
1510,1183,864
1520,430,315
1530,1220,881
1540,1933,1076
1550,2230,1105
1560,1009,770
1570,561,484
1580,628,545
1590,545,439
1600,1723,1426
1610,1810,1459
1620,1890,866
1630,2519,2212
1640,546,375
1650,1554,910
1660,520,423
1670,1015,942
1680,1028,1228
1690,1823,846
1700,796,726
1710,417,370
1720,1186,1326
1730,1284,739
1740,2166,1307
1750,602,448
1760,1513,943
1770,1816,1925
1780,1447,586
1790,1299,896
1800,1078,788
1810,527,480
1820,623,658
1830,3025,1281
1840,298,252
1850,848,889
1860,1468,1506
1870,482,351
1880,2089,1532
1890,1583,977
1900,971,739
1910,666,573
1920,1551,1956
1930,1463,975
1940,405,352
1950,550,592
1960,3102,2152
1970,2164,1386
1980,810,644
1990,1329,1093
2000,1704,1851
2010,1122,682
2020,1109,748
2030,1328,1149
2040,437,379
2050,1686,1375
2060,604,464
2070,857,753
2080,1594,878
2090,476,434
2100,4082,2818
2110,373,243
2120,1710,1472
2130,616,483
2140,1922,2036
2150,1027,418
2160,1354,1200
2170,2413,2095
2180,1246,832
2190,856,559
2200,1346,1221
2210,308,242
2220,602,503
2230,1020,662
2240,2635,1314
2250,1093,876
2260,2127,2413
2270,550,2028
2280,594,463
2290,203,212
2300,1338,1163
2310,2672,1425
2320,2331,1550
2330,2090,2066
2340,634,307
2350,2784,1323
2360,1979,1474
2370,499,461
2380,1199,951
2390,2922,1410
2400,538,412
2410,1483,2007
2420,3495,1710
2430,1383,1319
2440,2062,1921
2450,1683,700
2460,371,307
2470,2157,1353
2480,3349,2356
2490,1581,1321
2500,1257,1210
2510,313,305
2520,1549,754
2530,2901,1658
2540,2286,2310
2550,1361,1430
2560,1916,1329
2570,994,540
2580,1002,1131
2590,1175,2584
2600,819,805
2610,2046,1835
2620,4002,2085
2630,1278,1077
2640,1933,1922
2650,2204,1154
2660,2799,2097
2670,2282,1348
2680,4271,2620
2690,1816,1297
2700,2270,1503
2710,800,498
2720,1033,829
2730,991,1062
2740,2152,1955
2750,1113,624
2760,1725,1866
2770,1498,1120
2780,1063,1105
2790,1210,1133
2800,3737,2504
2810,640,486
2820,2105,2315
2830,1733,1335
2840,1917,1035
2850,661,483
2860,2276,1376
2870,1725,1126
2880,3063,2224
2890,4565,2373
2900,1096,856
2910,1847,1430
2920,1656,1391
2930,3020,2223
2940,3139,2371
2950,2080,1622
2960,3204,2638
2970,1472,1177
2980,1994,1601
2990,3148,2403
3000,1259,1123
3010,839,878
3020,4196,2337
3030,2917,3218
3040,2304,1508
3050,425,339
3060,357,383
3070,1620,1576
3080,3483,2054
3090,2994,2262
3100,1299,1079
3110,2206,1952
3120,1041,982
3130,2346,1437
3140,1968,1191
3150,504,420
3160,2518,3749
3170,2071,1418
3180,473,393
3190,2148,2434
3200,4353,2938
3210,3904,3118
3220,388,307
3230,1382,1101
3240,1811,2245
3250,1642,1482
3260,1498,1041
3270,1226,860
3280,2296,1247
3290,2500,1436
3300,966,1582
3310,800,901
3320,2638,2201
3330,1638,1118
3340,1816,1345
3350,2734,1855
3360,805,667
3370,3219,2560
3380,973,1002
3390,2923,3231
3400,4771,2213
3410,793,761
3420,1385,746
3430,5609,2509
3440,5407,2305
3450,581,507
3460,4039,3359
3470,1661,1425
3480,3046,2320
3490,558,472
3500,4272,3640
3510,3044,1828
3520,685,595
3530,3953,2942
3540,2520,2353
3550,1034,1101
3560,884,846
3570,700,545
3580,1190,1061
3590,976,945
3600,5001,2296
3610,1230,1024
3620,2339,2946
3630,2711,2037
3640,1442,2098
3650,4207,2841
3660,610,456
3670,3790,1603
3680,1000,632
3690,2301,2454
3700,3856,1979
3710,3492,3580
3720,3338,2237
3730,2586,2639
3740,2406,2431
3750,2916,2184
3760,2289,1530
3770,5742,3295
3780,861,968
3790,1970,2267
3800,5761,3706
3810,1887,1280
3820,2719,1677
3830,2646,1872
3840,1308,1087
3850,1913,2378
3860,828,893
3870,1634,897
3880,5574,4571
3890,775,553
3900,2309,1937
3910,3116,3222
3920,4826,3324
3930,3551,2519
3940,1436,1015
3950,1302,1340
3960,4381,2781
3970,5592,3436
3980,5219,3388
3990,645,792
4000,3155,2178
4010,3461,1793
4020,1084,1305
4030,5893,3489
4040,2568,2144
4050,820,507
4060,2594,2550
4070,896,1042
4080,3361,1746
4090,409,457
4100,4463,3861
4110,562,504
4120,738,788
4130,1284,912
4140,2562,1936
4150,872,721
4160,661,623
4170,3214,3879
4180,4434,2438
4190,1361,1227
4200,4159,2173
4210,3309,2504
4220,4950,3931
4230,3762,4040
4240,2216,1667
4250,3531,4380
4260,2922,2158
4270,412,479
4280,2377,1478
4290,2663,1910
4300,2780,2622
4310,3549,2968
4320,5540,2846
4330,2958,2850
4340,3945,1775
4350,4651,2353
4360,1852,1853
4370,5444,2701
4380,4820,4346
4390,3302,3369
4400,5429,3319
4410,4845,2367
4420,3903,3161
4430,4897,3228
4440,4820,2575
4450,2477,3175
4460,3739,3605
4470,2959,1335
4480,4329,3968
4490,3798,3500
4500,5311,2641
4510,4061,4132
4520,3978,3777
4530,1707,1025
4540,3779,3846
4550,1669,1510
4560,3924,4030
4570,4720,4209
4580,4482,2458
4590,5775,3375
4600,4067,4188
4610,2508,2396
4620,5917,3193
4630,1636,2436
4640,1986,1215
4650,2345,1833
4660,2229,1688
4670,4020,2434
4680,1752,1437
4690,5188,3241
4700,1052,1060
4710,2252,966
4720,3100,2918
4730,536,479
4740,3712,4109
4750,2699,1446
4760,2575,1913
4770,5848,3022
4780,2664,3033
4790,1854,1227
4800,1654,1423
4810,1475,1564
4820,6211,4872
4830,5234,3304
4840,5369,2876
4850,669,850
4860,3962,2667
4870,2030,2027
4880,4213,2089
4890,2160,2006
4900,3919,2162
4910,4501,3093
4920,1559,1215
4930,4677,3782
4940,4392,4056
4950,1629,1325
4960,1203,704
4970,2012,1070
4980,1005,788
4990,3132,1585
5000,4630,2729
5010,3578,3824
5020,3937,2307
5030,6764,3928
5040,4105,3523
5050,3220,3732
5060,2854,1799
5070,1315,1072
5080,5716,2792
5090,2226,3367
5100,3400,3301
5110,6302,3200
5120,2963,2901
5130,3270,2332
5140,6587,3403
5150,1824,2535
5160,3232,2530
5170,1412,1631
5180,3215,1996
5190,6114,4508
5200,4349,4118
5210,527,567
5220,558,594
5230,2219,2521
5240,5291,3584
5250,1093,1183
5260,1397,1094
5270,6057,5062
5280,5805,4768
5290,9589,6781
5300,1392,1076
5310,6525,4682
5320,7285,5619
5330,4203,4088
5340,727,593
5350,3193,3684
5360,7892,6679
5370,1463,1183
5380,2505,2366
5390,1325,1155
5400,1681,1445
5410,1157,866
5420,4990,3878
5430,3290,1744
5440,3298,3835
5450,4202,2987
5460,2924,2501
5470,3766,3966
5480,1496,1752
5490,7465,4767
5500,2563,2487
5510,3787,2370
5520,1858,1875
5530,3823,1839
5540,8762,4845
5550,6868,2935
5560,5069,3996
5570,878,718
5580,8837,4701
5590,3597,1769
5600,2198,2392
5610,5122,2986
5620,3759,2388
5630,7096,4899
5640,5249,4024
5650,1393,1477
5660,4856,3262
5670,795,693
5680,8734,4752
5690,2560,2514
5700,4157,5256
5710,4232,3748
5720,5996,5759
5730,1122,640
5740,2074,1702
5750,4155,2003
5760,3925,2630
5770,4243,5129
5780,6263,5576
5790,2842,2030
5800,1735,1769
5810,4578,2257
5820,526,558
5830,4687,3964
5840,1957,1805
5850,4614,3544
5860,1710,1756
5870,5168,3207
5880,4381,4861
5890,6493,2992
5900,3913,3367
5910,971,809
5920,3024,3004
5930,6194,4866
5940,2305,1222
5950,635,620
5960,4578,4430
5970,3939,2867
5980,4077,1529
5990,7923,4364
6000,6352,3413
6010,1770,1799
6020,2484,1860
6030,6415,3697
6040,6311,3716
6050,2777,1735
6060,3686,2240
6070,5927,3776
6080,3471,3790
6090,5546,5161
6100,3194,1873
6110,4441,3570
6120,3272,3245
6130,848,963
6140,3319,5346
6150,1070,1083
6160,1902,1890
6170,3118,2515
6180,3153,2182
6190,2732,1823
6200,8465,4942
6210,10027,7387
6220,1901,1414
6230,7333,4693
6240,9478,5486
6250,6983,3619
6260,2814,2719
6270,5376,3345
6280,5883,3975
6290,9660,4932
6300,5075,2271
6310,2551,2458
6320,5442,4289
6330,7927,6373
6340,4025,3752
6350,7308,6570
6360,1044,935
6370,2714,3501
6380,8195,5687
6390,1512,1445
6400,4290,2445
6410,4953,4776
6420,3219,3923
6430,2680,1844
6440,3586,4278
6450,12208,6400
6460,4324,2219
6470,1416,1308
6480,6794,5105
6490,6361,4878
6500,5598,6937
6510,6361,4210
6520,2404,2286
6530,1799,1813
6540,4262,4262
6550,4683,5737
6560,2753,1527
6570,2819,2574
6580,3995,1930
6590,1065,1035
6600,6624,3806
6610,3598,1688
6620,1723,1428
6630,6293,2799
6640,8664,5118
6650,6086,3876
6660,4815,1689
6670,2206,2209
6680,4579,2912
6690,4766,3109
6700,3984,3795
6710,5005,1798
6720,6398,4442
6730,4155,1674
6740,4672,5076
6750,3314,3020
6760,3717,2020
6770,2603,2858
6780,969,1241
6790,1017,1024
6800,7916,4225
6810,6204,3020
6820,7470,4119
6830,8727,4201
6840,5604,3339
6850,2127,2744
6860,3444,2486
6870,942,794
6880,3099,1519
6890,5939,4119
6900,5718,3074
6910,6796,5813
6920,9345,4420
6930,3839,2875
6940,4182,5743
6950,5451,4444
6960,4437,3248
6970,3034,2075
6980,4374,5094
6990,4069,4932
7000,4645,5575
7010,4106,2865
7020,4367,2930
7030,5923,4349
7040,6977,4773
7050,8211,4991
7060,1041,1429
7070,5289,4037
7080,7468,6548
7090,8754,5595
7100,855,1135
7110,1904,937
7120,6719,5590
7130,5133,3755
7140,823,803
7150,6872,4992
7160,8030,4318
7170,822,1302
7180,6677,3949
7190,7997,6485
7200,5585,5845
7210,3043,3345
7220,5629,4171
7230,3553,2138
7240,970,872
7250,6612,5013
7260,5279,2733
7270,8720,5791
7280,5763,5204
7290,3807,2814
7300,8099,5170
7310,8140,6086
7320,5256,4995
7330,5361,4158
7340,7973,5045
7350,4609,4300
7360,2979,2064
7370,8870,7397
7380,3217,3418
7390,2413,1161
7400,2276,2510
7410,10049,5485
7420,9208,6564
7430,5977,4518
7440,7014,3304
7450,5115,2623
7460,7644,3958
7470,2111,3345
7480,3499,3154
7490,3993,2454
7500,1706,1302
7510,7814,4152
7520,6659,4478
7530,5867,4306
7540,1805,1689
7550,3056,3962
7560,1646,1834
7570,1948,1393
7580,7061,3693
7590,5914,2749
7600,1891,2082
7610,2656,1774
7620,4308,4733
7630,5127,5130
7640,710,711
7650,9584,5147
7660,3052,1231
7670,661,728
7680,6828,3909
7690,7095,3677
7700,1263,1087
7710,6807,5465
7720,4118,3030
7730,2088,2595
7740,2259,1746
7750,9256,4753
7760,4110,2151
7770,3637,4369
7780,2405,1797
7790,6560,2975
7800,825,823
7810,7629,4062
7820,2462,1614
7830,3335,2974
7840,2020,1133
7850,9712,4537
7860,1775,2439
7870,7768,7981
7880,2114,2193
7890,12873,7883
7900,7846,5864
7910,11516,7012
7920,5136,3391
7930,7693,4587
7940,8080,7335
7950,876,718
7960,7166,3944
7970,3904,3467
7980,955,881
7990,9800,5939
8000,7070,6390
8010,2542,1823
8020,7264,5163
8030,7367,9166
8040,10105,8012
8050,9127,5002
8060,7074,4368
8070,6513,3498
8080,6415,3294
8090,2904,4170
8100,3383,2589
8110,8891,6200
8120,1760,1312
8130,4572,2816
8140,4297,4989
8150,1085,891
8160,8406,4365
8170,5826,3043
8180,7966,4840
8190,2682,2768
8200,1213,1039
8210,3925,4011
8220,990,809
8230,7097,4259
8240,9597,7303
8250,4661,3666
8260,4899,3573
8270,7550,3684
8280,5783,3161
8290,2915,2900
8300,5807,5601
8310,9404,5647
8320,9202,6791
8330,1167,758
8340,4362,5836
8350,7671,5403
8360,6871,3829
8370,2240,3279
8380,3294,2009
8390,10188,7598
8400,4274,4771
8410,11871,8023
8420,3616,2435
8430,5021,3185
8440,7636,4696
8450,5898,3385
8460,826,801
8470,8966,6143
8480,2279,1198
8490,3403,4417
8500,2747,2131
8510,7370,4060
8520,8139,5199
8530,5344,4299
8540,7733,6542
8550,4475,4754
8560,1143,1115
8570,9329,5394
8580,9086,7005
8590,2172,1342
8600,7670,4867
8610,1523,1069
8620,3196,2689
8630,2896,2529
8640,2953,3049
8650,3183,1966
8660,7283,4100
8670,7639,3627
8680,11144,8350
8690,5041,4734
8700,9450,5007
8710,7674,4911
8720,12155,8338
8730,11676,6161
8740,863,1026
8750,3170,2331
8760,1768,1446
8770,9190,7359
8780,9842,5976
8790,5379,3414
8800,4266,3306
8810,3415,3077
8820,7909,5257
8830,5791,5891
8840,1721,1279
8850,5231,2596
8860,2258,2069
8870,8564,6034
8880,5384,5635
8890,10234,6896
8900,3920,2213
8910,11228,8296
8920,1555,1178
8930,4622,3577
8940,3205,3387
8950,2893,2631
8960,10544,7644
8970,5352,5851
8980,8880,5236
8990,1059,1917
9000,3365,2430
9010,9383,6946
9020,6069,7378
9030,889,878
9040,8072,4770
9050,2469,1338
9060,5582,4473
9070,8291,6239
9080,7075,7318
9090,876,840
9100,4466,2960
9110,6993,4257
9120,6580,4045
9130,9604,6505
9140,8504,6953
9150,7686,4123
9160,10437,7609
9170,10456,8837
9180,7582,7520
9190,1044,961
9200,8749,5692
9210,1057,1176
9220,8556,5273
9230,9389,7692
9240,8417,6609
9250,7354,4733
9260,5990,3341
9270,8657,6828
9280,3139,2675
9290,11260,8489
9300,2658,3289
9310,2798,2026
9320,14478,8288
9330,6363,4360
9340,9502,7400
9350,10237,6121
9360,13094,6051
9370,4007,2177
9380,9328,6112
9390,6793,3327
9400,6101,3829
9410,4265,3090
9420,8100,5091
9430,12565,8118
9440,8519,5861
9450,8297,6768
9460,8940,7083
9470,6395,4379
9480,7004,4652
9490,6287,4854
9500,4789,4423
9510,12624,8372
9520,10082,8925
9530,8361,7321
9540,4632,3985
9550,12157,6441
9560,11854,6623
9570,6792,4500
9580,9334,7228
9590,8976,5048
9600,3495,3104
9610,9200,5791
9620,7971,5898
9630,11097,6361
9640,9996,6207
9650,6248,6691
9660,1359,1312
9670,1504,2338
9680,2825,1791
9690,9190,5754
9700,10703,6099
9710,8345,5684
9720,6806,5262
9730,2852,1910
9740,9539,6876
9750,3885,2666
9760,2828,2438
9770,10789,8042
9780,1917,1429
9790,3619,3617
9800,14923,10620
9810,10821,7651
9820,2291,1724
9830,6080,3382
9840,4927,4276
9850,9482,5891
9860,8084,5990
9870,12507,8788
9880,10354,6992
9890,10387,7950
9900,6728,4053
9910,10170,7978
9920,1179,1150
9930,10155,6896
9940,2922,1923
9950,3868,1614
9960,4439,5301
9970,10996,7565
9980,8516,6595
9990,1644,1211
10000,11020,8380
