sampleSize,timing,keycomp
1000,228053,35330
6000,1615937,320153
11000,3099487,546805
16000,6385692,626627
21000,10447965,1022784
26000,9181318,885986
31000,8158083,1213113
36000,13220786,1584174
41000,14262078,2000667
46000,26947132,2459125
51000,30191608,2984822
56000,16025223,2075981
61000,17069133,2408549
66000,21707377,2778232
71000,25965459,3153779
76000,32511224,3561746
81000,34760636,3987349
86000,32839512,4441144
91000,39164387,4948246
96000,38444239,5410773
101000,38475737,5968896
106000,33230590,3880416
111000,38050692,4193930
116000,39068518,4533205
121000,47709755,4873197
126000,41704147,5225069
131000,57535327,5598944
136000,44718255,5965472
141000,52579636,6374521
146000,60573371,6768176
151000,55999924,7196243
156000,58634018,7623733
161000,62581932,8058714
166000,65693904,8503717
171000,60693724,8980301
176000,68629825,9456115
181000,89174059,9920718
186000,72634115,10434212
191000,75858557,10966627
196000,81739685,11459379
201000,87291601,12032003
206000,71920156,7602680
211000,79653833,7913445
216000,80952814,8220483
221000,84420665,8549908
226000,84228887,8881467
231000,83047719,9232044
236000,92928600,9560294
241000,86557031,9905692
246000,88444621,10260780
251000,85575062,10632163
256000,124080898,11016840
261000,115102734,11374750
266000,98738704,11762138
271000,103727802,12135676
276000,112371446,12537686
281000,125340443,12937265
286000,107975325,13335783
291000,119521139,13741066
296000,111913358,14188472
301000,122941169,14586450
306000,120115327,14980286
311000,134908520,15458347
316000,124447202,15901795
321000,113589067,16318821
326000,125632249,16786277
331000,140844988,17230357
336000,142093884,17718398
341000,169841288,18201381
346000,163421122,18665161
351000,149191252,19148950
356000,189883111,19645388
361000,174370523,20133018
366000,202845034,20643378
371000,184196337,21159107
376000,196409072,21692547
381000,193234113,22190556
386000,208535138,22732238
391000,211745634,23264019
396000,217931152,23813307
401000,207653522,24338945
406000,230515607,24882270
411000,191798980,18664833
416000,164509135,15848922
421000,159155700,16170953
426000,147320004,16487555
431000,157513170,16832607
436000,173278839,17134552
441000,179374669,17454936
446000,190896513,17842570
451000,171746156,18148001
456000,163957226,18480156
461000,199144190,18810560
466000,151301965,19177110
471000,170299922,19517283
476000,201580276,19874326
481000,203871004,20242849
486000,182896791,20595568
491000,163622865,20936022
496000,172897750,21335032
501000,190574095,21700638
506000,178795401,22049603
511000,167844504,22410751
516000,183318477,22824535
521000,173041175,23179532
526000,220505707,23580004
531000,218291508,23979920
536000,198333274,24357879
541000,197295324,24731277
546000,197439318,25155233
551000,224466535,25567368
556000,224298667,25952630
561000,223576877,26367410
566000,202909376,26735872
571000,199318713,27161393
576000,240880487,27572530
581000,226960559,27971648
586000,207174240,28390301
591000,220135879,28841226
596000,208512437,29272953
601000,242159022,29696837
606000,270875717,30126899
611000,233041161,30577166
616000,257552560,30976525
621000,268928174,31434823
626000,285441679,31882067
631000,260339475,32337691
636000,249204076,32788328
641000,241568507,33234758
646000,239497935,33665716
651000,249183234,34155932
656000,291407040,34591500
661000,265339423,35070575
666000,264067666,35561170
671000,255455511,36041552
676000,255908253,36487228
681000,295144939,36968084
686000,278699479,37432329
691000,312854614,37926142
696000,266789375,38426041
701000,328220720,38891931
706000,292870285,39422685
711000,337311369,39895790
716000,314432669,40387710
721000,295371395,40917478
726000,336646711,41388226
731000,296067410,41886239
736000,315836988,42399990
741000,309528752,42959894
746000,311341909,43461459
751000,341116785,43943397
756000,315373526,44570193
761000,317968596,45034904
766000,338268474,45538308
771000,369415772,46098051
776000,355734600,46655475
781000,347311754,47112737
786000,370621827,47712559
791000,365796107,48283602
796000,382487617,48777879
801000,318160785,49366897
806000,374338799,49970580
811000,413382836,50484135
816000,396571264,51049013
821000,389267574,42833467
826000,355302547,32148781
831000,320118667,32486039
836000,356038725,32816467
841000,368856469,33118024
846000,316313590,33456729
851000,297512769,33798633
856000,333993137,34114917
861000,294433704,34448785
866000,345442917,34785345
871000,360783368,35099676
876000,284822599,35438491
881000,350795527,35779470
886000,300452358,36108441
891000,295184844,36425949
896000,296589543,36816928
901000,357861239,37130401
906000,353974866,37493382
911000,301271775,37842926
916000,313436595,38192814
921000,348197211,38493506
926000,314269389,38864299
931000,379274303,39219020
936000,299955381,39569722
941000,327798316,39926300
946000,387626337,40285821
951000,384616269,40617833
956000,384429890,41000937
961000,404697938,41365664
966000,357567225,41728685
971000,321118471,42062836
976000,344817069,42476982
981000,354012477,42842701
986000,332850829,43245372
991000,369249881,43562053
996000,347158391,43945144
1001000,345967473,44310804
1006000,369902386,44713881
1011000,349181124,45049812
1016000,390646186,45450441
1021000,374215965,45812911
1026000,355955314,46226808
1031000,376029211,46583607
1036000,351754263,46960331
1041000,357489105,47366301
1046000,393836367,47745351
1051000,371381478,48115057
1056000,396545636,48554996
1061000,451121221,48899113
1066000,401993603,49317781
1071000,423890755,49680495
1076000,419478754,50087029
1081000,466862169,50507892
1086000,414397757,50922095
1091000,418748388,51272491
1096000,449717407,51668229
1101000,403288528,52092115
1106000,424015645,52468371
1111000,432376606,52884318
1116000,444752580,53332013
1121000,446715071,53754080
1126000,459841498,54152062
1131000,441598872,54550054
1136000,442752508,54957236
1141000,406087016,55379613
1146000,539037759,55791011
1151000,446251933,56240213
1156000,401990114,56679569
1161000,430790938,57035670
1166000,463439477,57503166
1171000,417226822,57922580
1176000,434844640,58351040
1181000,447764081,58781576
1186000,469443408,59194267
1191000,453399548,59639409
1196000,522332323,60077782
1201000,566637248,60498577
1206000,543509298,61001813
1211000,504263489,61426947
1216000,463675351,61822244
1221000,454199324,62251708
1226000,486010478,62668820
1231000,485131999,63099908
1236000,498123351,63561192
1241000,454513134,64010998
1246000,460774527,64451356
1251000,512378915,64912297
1256000,478358978,65362102
1261000,488662367,65814039
1266000,492377800,66273716
1271000,475379113,66754225
1276000,497662765,67133904
1281000,521540843,67707843
1286000,504192715,68120712
1291000,564131475,68575961
1296000,572073888,69051927
1301000,501220153,69527312
1306000,491359771,69958768
1311000,506935382,70434890
1316000,517705885,70886497
1321000,508157297,71382746
1326000,496147124,71902721
1331000,499109185,72362764
1336000,546526150,72792729
1341000,504751384,73280067
1346000,522724974,73800293
1351000,527075273,74243600
1356000,535965696,74738820
1361000,539649135,75206358
1366000,519126357,75656955
1371000,533721494,76252031
1376000,607910353,76723350
1381000,574314345,77220663
1386000,562037799,77660978
1391000,605413916,78177918
1396000,597308620,78644273
1401000,563176425,79127009
1406000,604316209,79607869
1411000,722282189,80132180
1416000,630881974,80610368
1421000,669079953,81099948
1426000,614127749,81632109
1431000,606295689,82118980
1436000,633295401,82574567
1441000,601484306,83095866
1446000,623268484,83665757
1451000,627109665,84175356
1456000,616282149,84670724
1461000,608400294,85161089
1466000,641862353,85665451
1471000,647475511,86215253
1476000,728990363,86766200
1481000,758131114,87274867
1486000,616556499,87857947
1491000,766912892,88269907
1496000,745482873,88829913
1501000,736239929,89382719
1506000,683914975,89904455
1511000,772541994,90446935
1516000,725436036,90979571
1521000,616696977,91470717
1526000,687449933,92022886
1531000,627530236,92477867
1536000,725923518,93137226
1541000,666736533,93621764
1546000,637825055,94224063
1551000,662261870,94680873
1556000,685247880,95264113
1561000,623152368,95778444
1566000,688053504,96324396
1571000,630610663,96900100
1576000,690379528,97431124
1581000,703349550,98054389
1586000,699146658,98544777
1591000,751236430,99173840
1596000,701896667,99617604
1601000,650266500,100133838
1606000,763474424,100778445
1611000,904264900,101312540
1616000,758330168,101910942
1621000,775287257,102468500
1626000,720792346,102962168
1631000,778143939,103545016
1636000,697302508,104164900
1641000,686399849,92188910
1646000,557126866,68388846
1651000,562023248,65879917
1656000,565283133,66232306
1661000,553460833,66534794
1666000,546892659,66955069
1671000,555707641,67226976
1676000,566650728,67522558
1681000,549608005,67890968
1686000,583161898,68214888
1691000,600707292,68529687
1696000,594580442,68857282
1701000,637069644,69187562
1706000,729923765,69528207
1711000,685373312,69875310
1716000,567654790,70152243
1721000,579152608,70515929
1726000,592861294,70853735
1731000,571090605,71212867
1736000,572187771,71519143
1741000,564936540,71928805
1746000,614845375,72258481
1751000,577424522,72552546
1756000,596695015,72873620
1761000,607855297,73258284
1766000,614725457,73560679
1771000,620569066,73908442
1776000,589525197,74271795
1781000,643279226,74618001
1786000,640316012,74984016
1791000,641618384,75309836
1796000,664100599,75639105
1801000,629632088,76010475
1806000,628456171,76336369
1811000,614307226,76712583
1816000,613598358,77035491
1821000,703366894,77409344
1826000,638480023,77785120
1831000,604410788,78096262
1836000,649166354,78472386
1841000,643705923,78809159
1846000,674928203,79154929
1851000,647434533,79527676
1856000,631511381,79864730
1861000,660839823,80223128
1866000,688727852,80634430
1871000,626378296,80984059
1876000,684539191,81273072
1881000,647383305,81660274
1886000,640239994,82018185
1891000,684147782,82397930
1896000,678447705,82788688
1901000,655594583,83074107
1906000,671524285,83471399
1911000,666618675,83858861
1916000,666383866,84279064
1921000,707419117,84512212
1926000,748171076,84958091
1931000,697315764,85333952
1936000,762552495,85690747
1941000,857549039,86051686
1946000,726938073,86378528
1951000,707969558,86774532
1956000,685824885,87182245
1961000,709641135,87531499
1966000,717166000,87928439
1971000,714849119,88255445
1976000,748797760,88608214
1981000,708328441,89075353
1986000,829862296,89379786
1991000,785248212,89803522
1996000,756509080,90170583
2001000,796480542,90597607
2006000,733655170,90928732
2011000,782022645,91319432
2016000,694133450,91698759
2021000,730347563,92052882
2026000,759781273,92510178
2031000,713260534,92826538
2036000,748612347,93197884
2041000,718695552,93594101
2046000,757752519,94004566
2051000,744066380,94388660
2056000,751803749,94758343
2061000,853446623,95137410
2066000,717836505,95527781
2071000,727969337,95897775
2076000,766378531,96341681
2081000,731410304,96697123
2086000,765100899,97137941
2091000,769534586,97504777
2096000,774279064,97941176
2101000,774580548,98258997
2106000,747442373,98657900
2111000,753638950,99097826
2116000,805905602,99521676
2121000,777653277,99859615
2126000,763910970,100273930
2131000,802924361,100706900
2136000,851686377,101045776
2141000,931738643,101501900
2146000,805171266,101867731
2151000,777777959,102253724
2156000,799213017,102686148
2161000,784857146,103142344
2166000,817061468,103449860
2171000,766463347,103856770
2176000,815759797,104272610
2181000,845675461,104680250
2186000,785232704,105095491
2191000,817405193,105479045
2196000,808631843,105936487
2201000,785357521,106343960
2206000,918068278,106744481
2211000,811450751,107163816
2216000,816939667,107527455
2221000,785470104,107974080
2226000,797792711,108347106
2231000,858450553,108778244
2236000,816322312,109205215
2241000,856327129,109632271
2246000,849866877,110022331
2251000,818341676,110487566
2256000,848156557,110887159
2261000,820614426,111300922
2266000,916446416,111713775
2271000,889598455,112124638
2276000,869777505,112568558
2281000,846628031,113010404
2286000,864320830,113368823
2291000,974611999,113869144
2296000,888822632,114285071
2301000,854686973,114688234
2306000,912410810,115070222
2311000,1070525121,115540103
2316000,1165826095,115936057
2321000,946594619,116330266
2326000,920555744,116813940
2331000,973401215,117229039
2336000,1005503196,117618549
2341000,896186245,118164885
2346000,901222396,118552860
2351000,868987500,118920520
2356000,892797794,119336821
2361000,873954096,119854624
2366000,939254508,120260013
2371000,901882008,120704426
2376000,957503196,121132629
2381000,991767132,121614751
2386000,907516879,121967701
2391000,938893899,122434964
2396000,908488230,122881401
2401000,916676508,123295153
2406000,890620038,123748247
2411000,892963962,124220014
2416000,911682354,124724111
2421000,919113607,125071693
2426000,919796146,125536369
2431000,936822468,125968630
2436000,919907051,126402457
2441000,918051535,126899087
2446000,918612735,127277047
2451000,911132813,127791550
2456000,915021549,128263608
2461000,971008192,128669881
2466000,944223563,129089726
2471000,955217707,129592275
2476000,1057900449,129963914
2481000,1038379814,130486061
2486000,1039100277,130955154
2491000,985192470,131411777
2496000,958828698,131871691
2501000,966043984,132301125
2506000,977799915,132726154
2511000,970669249,133174266
2516000,954448448,133690044
2521000,938586659,134060407
2526000,1048984516,134544331
2531000,953668147,135011879
2536000,1044198678,135538654
2541000,968705684,135892317
2546000,991957718,136380991
2551000,978206132,136897003
2556000,1025831647,137296935
2561000,989839766,137755456
2566000,1125879818,138317262
2571000,1296824406,138748599
2576000,1393242780,139098577
2581000,1161245670,139653976
2586000,1007919618,140087769
2591000,1045849261,140625766
2596000,1006423683,141065586
2601000,1083995658,141530557
2606000,1012932750,142027601
2611000,1063599610,142524464
2616000,1013916179,142883810
2621000,1284595817,143403464
2626000,1144419850,143927475
2631000,1092769271,144359577
2636000,1056566248,144833892
2641000,1099306717,145353176
2646000,1160255831,145804159
2651000,1293032337,146329710
2656000,1179692710,146764737
2661000,1053331184,147171504
2666000,1096721029,147673794
2671000,1112497962,148170365
2676000,1211347450,148693185
2681000,1186380812,149279673
2686000,1194375388,149686962
2691000,1132073646,150092913
2696000,1169599069,150651026
2701000,1167864818,151132652
2706000,1139860752,151620724
2711000,1146456933,152070534
2716000,1085014680,152658336
2721000,1177645767,152954766
2726000,1191832737,153507262
2731000,1160496875,153998035
2736000,1113090416,154585648
2741000,1133685970,155043673
2746000,1112418343,155534063
2751000,1174249796,156045374
2756000,1231480088,156508084
2761000,1114605974,156973994
2766000,1121525652,157483152
2771000,1134396518,158058996
2776000,1129870715,158530934
2781000,1122058796,158949537
2786000,1134820110,159382794
2791000,1119219224,160006526
2796000,1136257752,160483715
2801000,1114641346,160955727
2806000,1136773544,161448985
2811000,1142655662,161933288
2816000,1132031233,162493819
2821000,1232560766,162960803
2826000,1143202863,163441404
2831000,1167080744,164145542
2836000,1187718837,164539166
2841000,1166758138,165079393
2846000,1150832927,165538878
2851000,1161227621,166034868
2856000,1141951339,166517054
2861000,1174794399,167001784
2866000,1166650233,167607912
2871000,1197826693,168113459
2876000,1203982654,168585825
2881000,1349023285,169070316
2886000,1346664221,169575686
2891000,1198317584,170113944
2896000,1257316133,170625851
2901000,1177445865,171164537
2906000,1217511582,171628362
2911000,1199577682,172114561
2916000,1180140120,172663638
2921000,1242824461,173286250
2926000,1253379627,173674814
2931000,1274195162,174328711
2936000,1254159308,174673767
2941000,1205647591,175365247
2946000,1364761692,175788889
2951000,1278269292,176372314
2956000,1320907285,176880155
2961000,1316266946,177418462
2966000,1200553426,177994343
2971000,1229548899,178488064
2976000,1224444518,178978582
2981000,1258843227,179509854
2986000,1329560483,180095603
2991000,1269087339,180528952
2996000,1331339082,181120484
3001000,1343638246,181726702
3006000,1429010032,182115453
3011000,1308107686,182717179
3016000,1322036292,183242313
3021000,1317334461,183741798
3026000,1330660472,184286574
3031000,1306223179,184814183
3036000,1324302573,185398235
3041000,1291094599,185918080
3046000,1422048843,186370380
3051000,1348159642,186979324
3056000,1416228118,187527730
3061000,1336198087,188117858
3066000,1340171295,188615382
3071000,1330860581,189096360
3076000,1358563363,189669314
3081000,1482222156,190244075
3086000,1375333185,190717888
3091000,1343622877,191268658
3096000,1407588609,191809955
3101000,1353308231,192381333
3106000,1382182444,192898336
3111000,1349255145,193481545
3116000,1591002342,194092315
3121000,1418158744,194659846
3126000,1484261157,195181003
3131000,1346205618,195712803
3136000,1445919479,196275053
3141000,1441377135,196807624
3146000,1374716531,197380130
3151000,1395212375,197885138
3156000,1398326720,198505373
3161000,1468057288,199083893
3166000,1402185727,199592006
3171000,1426665308,200062596
3176000,1387018189,200693645
3181000,1565802982,201308248
3186000,1496520067,201823667
3191000,1547163588,202362704
3196000,1412131714,202882892
3201000,1465979795,203457249
3206000,1491412781,204014741
3211000,1536193900,204650393
3216000,1394935430,205163653
3221000,1620803496,205718995
3226000,1381466733,206246376
3231000,1476505546,206936498
3236000,1403807893,207474022
3241000,1389092034,208015210
3246000,1409773029,208646473
3251000,1483449097,209126317
3256000,1441780131,209805661
3261000,1399432812,210268865
3266000,1451057487,210887718
3271000,1429098832,211481240
3276000,1406662786,211904777
3281000,1608693927,192184992
3286000,1371166044,168495234
3291000,1450549239,144830746
3296000,1245324670,134756260
3301000,1354075105,135040576
3306000,1117912557,135362637
3311000,1183766284,135645911
3316000,1149365797,135997866
3321000,1235969140,136334024
3326000,1344582497,136691898
3331000,1569080387,136999150
3336000,1384158885,137322068
3341000,1206537333,137670573
3346000,1165035580,138047645
3351000,1237529506,138300732
3356000,1185976448,138658925
3361000,1190332500,138949825
3366000,1152620315,139387084
3371000,1292216903,139702333
3376000,1239281469,140026902
3381000,1217496404,140374627
3386000,1153152441,140696497
3391000,1154006441,141067283
3396000,1175669694,141378576
3401000,1184667256,141745913
3406000,1176158781,141986829
3411000,1233891126,142378543
3416000,1349617583,142751070
3421000,1307558964,143060389
3426000,1316650013,143438301
3431000,1287374760,143733105
3436000,1244632633,144030064
3441000,1214275151,144437870
3446000,1211059346,144836427
3451000,1243496318,145135223
3456000,1391486399,145474380
3461000,1298801873,145765659
3466000,1279172797,146126453
3471000,1242744740,146457173
3476000,1280242538,146790538
3481000,1300205960,147181304
3486000,1189205207,147562430
3491000,1296523331,147837524
3496000,1240436746,148206459
3501000,1267175443,148564858
3506000,1339115206,148924456
3511000,1235395294,149231596
3516000,1314141829,149577820
3521000,1358064867,149936554
3526000,1271147078,150303269
3531000,1302691753,150607085
3536000,1309222555,150995566
3541000,1229784403,151334281
3546000,1334237979,151662204
3551000,1297584321,152045534
3556000,1287049904,152295429
3561000,1367474535,152673080
3566000,1316618859,153060469
3571000,1609681948,153382228
3576000,1556614675,153805864
3581000,1305044824,154138794
3586000,1258375468,154485239
3591000,1275829536,154871661
3596000,1244716080,155166261
3601000,1221857993,155472050
3606000,1335293997,155931534
3611000,1287494487,156261150
3616000,1498548102,156585073
3621000,1359044744,156905668
3626000,1222146551,157327605
3631000,1310722953,157699807
3636000,1239049740,158143920
3641000,1275764180,158314823
3646000,1302056204,158720575
3651000,1281307194,159089040
3656000,1332782522,159478764
3661000,1349525554,159816457
3666000,1366134584,160195918
3671000,1378385598,160497190
3676000,1262748653,160877493
3681000,1346113532,161184516
3686000,1399572856,161618858
3691000,1284393256,161932894
3696000,1307625110,162238439
3701000,1290244965,162689988
3706000,1273073779,163090854
3711000,1302219558,163369431
3716000,1284803996,163815216
3721000,1320775718,164205684
3726000,1307915899,164496534
3731000,1306971007,164907872
3736000,1304363994,165232079
3741000,1349310015,165554651
3746000,1378196556,165949041
3751000,1304762204,166391647
3756000,1359563235,166700871
3761000,1303342832,167089141
3766000,1344838098,167378457
3771000,1316707319,167722750
3776000,1374874063,168153698
3781000,1323659854,168538642
3786000,1354299927,168904812
3791000,1329357769,169253368
3796000,1638968523,169609036
3801000,1356806883,170001430
3806000,1320386131,170291429
3811000,1370662687,170705293
3816000,1350167026,171070114
3821000,1356766104,171491648
3826000,1386418870,171765617
3831000,1361767865,172149189
3836000,1346660017,172554240
3841000,1369330100,172933543
3846000,1408313703,173248700
3851000,1392139006,173660548
3856000,1387133004,174122413
3861000,1365386754,174479733
3866000,1389415559,174811714
3871000,1440376754,175224590
3876000,1406096641,175576471
3881000,1418739282,175901253
3886000,1432297229,176319472
3891000,1624268989,176677436
3896000,1504236490,177091227
3901000,1659804761,177394839
3906000,1580155805,177743878
3911000,1422177574,178139025
3916000,1523191121,178498835
3921000,1696244720,178992114
3926000,1817164802,179329679
3931000,1706634135,179672148
3936000,1642710140,180101885
3941000,1597685279,180435300
3946000,1789192025,180838197
3951000,1633193419,181223146
3956000,1645141863,181519600
3961000,1584131829,181953615
3966000,1602414454,182288735
3971000,1557383313,182804756
3976000,1588221182,183083337
3981000,1793973388,183500882
3986000,1646674366,183834756
3991000,1796465132,184266169
3996000,1858174587,184622277
4001000,1724684592,185007661
4006000,1626110148,185428313
4011000,1831354875,185799534
4016000,1565033533,186205667
4021000,1696026435,186579658
4026000,1804543538,187009462
4031000,1738230637,187355150
4036000,1752528332,187677060
4041000,1652589396,188061043
4046000,1697056167,188519061
4051000,1751115422,188821049
4056000,1681047907,189250488
4061000,1681050924,189713838
4066000,1681330981,190092805
4071000,1716257092,190453743
4076000,1651995750,190873864
4081000,1717925277,191253635
4086000,1846963330,191529192
4091000,1642035744,191947319
4096000,1734060546,192413516
4101000,1700037899,192881444
4106000,1674130871,193136187
4111000,1642033316,193617002
4116000,1608738214,193920754
4121000,1545496185,194381092
4126000,1538914386,194694803
4131000,1531135137,195215433
4136000,1524415904,195584515
4141000,1510762026,195901265
4146000,1579307475,196329831
4151000,1757359828,196700650
4156000,1655164997,197177618
4161000,1672617046,197563087
4166000,1702601795,197963618
4171000,1579749282,198377184
4176000,1747698127,198689796
4181000,1622092800,199096187
4186000,1560278873,199465305
4191000,1554321784,199947712
4196000,1600087363,200421794
4201000,1674244594,200705790
4206000,1617473687,201086555
4211000,1660810370,201466932
4216000,1632047564,201939130
4221000,1648390255,202243122
4226000,1615614119,202699840
4231000,1599690044,203119652
4236000,1651302581,203573102
4241000,1663412948,203955100
4246000,1620860140,204311676
4251000,1629848979,204663268
4256000,1716239670,205093750
4261000,1766710019,205539087
4266000,1669867226,205921644
4271000,1790586173,206372576
4276000,1797013686,206779552
4281000,1714607024,207164797
4286000,1738994800,207539409
4291000,1691291306,208015134
4296000,1741385683,208396885
4301000,1656979501,208750259
4306000,1699008609,209158699
4311000,1693122850,209636448
4316000,1738382992,209955494
4321000,1760957130,210363105
4326000,1672733801,210841620
4331000,1705177046,211293649
4336000,1749779036,211633453
4341000,1683098952,211987641
4346000,1713379281,212531935
4351000,1705124009,212848593
4356000,1814126215,213252342
4361000,1692480718,213648866
4366000,1704652723,214074127
4371000,1658394149,214541830
4376000,1794493154,214867781
4381000,1826208342,215336332
4386000,2009939848,215705738
4391000,2041930282,216121396
4396000,2049168599,216534484
4401000,1760496222,217021417
4406000,1690138271,217452045
4411000,1705066442,217738975
4416000,1796099761,218215412
4421000,1657406149,218669832
4426000,1634259904,219045424
4431000,1929626802,219484468
4436000,1898604490,219973200
4441000,1915710878,220265571
4446000,1686536570,220693138
4451000,1913616139,221114938
4456000,1816341507,221507966
4461000,1754114937,221953196
4466000,1936245896,222355622
4471000,1957288337,222826782
4476000,1805029568,223242484
4481000,2191131723,223652072
4486000,1993008729,224103248
4491000,1800638933,224501297
4496000,1697414057,224927231
4501000,1668399468,225293522
4506000,1741167568,225763623
4511000,1603984459,226256319
4516000,2148803940,226652166
4521000,2187284259,227065702
4526000,1846995086,227347732
4531000,1779214204,227910706
4536000,1789060791,228257528
4541000,1943021697,228752713
4546000,1905149178,229094846
4551000,1761179684,229636750
4556000,1925801835,230051345
4561000,1738122659,230390289
4566000,1757152975,230906578
4571000,1900213495,231229894
4576000,1772653575,231746542
4581000,1856840049,232190594
4586000,1808862627,232612708
4591000,1848183164,233035797
4596000,1868839301,233465691
4601000,2054108055,233976094
4606000,1807492145,234326322
4611000,1808679170,234737595
4616000,2071076005,235200764
4621000,2299919227,235540546
4626000,2093072300,235996686
4631000,1941891362,236492442
4636000,1990014729,236787345
4641000,2089054392,237296532
4646000,2091708157,237712299
4651000,1953998045,238204834
4656000,2026999620,238678953
4661000,2086807782,239045250
4666000,2156448852,239446817
4671000,2141291183,239972402
4676000,2215434952,240368445
4681000,2014098466,240841019
4686000,1819134063,241118268
4691000,1861726072,241672470
4696000,1899690972,242029756
4701000,2141481695,242452360
4706000,2119768152,243027892
4711000,2126476284,243432508
4716000,1995733061,243835158
4721000,2301288569,244271754
4726000,2115554865,244693295
4731000,1891652585,245172901
4736000,1855325031,245522012
4741000,1828672431,246127562
4746000,1830909920,246500616
4751000,2102603810,246884712
4756000,1807373681,247421577
4761000,1948270314,247853701
4766000,2162969160,248265418
4771000,1995889233,248779516
4776000,1994180186,249089545
4781000,1897572182,249575242
4786000,1874555540,250030745
4791000,1901770358,250445705
4796000,1916286291,250861057
4801000,1857005239,251419149
4806000,1868219829,251685216
4811000,1896983598,252308029
4816000,1978130327,252643631
4821000,1880063112,253086376
4826000,1979298863,253583715
4831000,2009074260,254076711
4836000,1912438756,254477777
4841000,1993622621,254949287
4846000,1889296744,255367319
4851000,1916246843,255735271
4856000,1904886476,256298128
4861000,1973287330,256703081
4866000,1938965503,257139565
4871000,2011406154,257667823
4876000,1960098159,258069408
4881000,1914706570,258497220
4886000,1973549962,259007547
4891000,1937869987,259472699
4896000,1942515148,259853613
4901000,1909367801,260297873
4906000,2041622564,260888713
4911000,1960479417,261189050
4916000,1893523603,261808963
4921000,2042281303,262119226
4926000,1969344241,262664503
4931000,2077811287,262986093
4936000,2141792528,263505054
4941000,2142355334,263921598
4946000,2091478651,264391221
4951000,1975705860,264881300
4956000,2012672102,265238662
4961000,2029203677,265858502
4966000,1937921324,266375566
4971000,1953196978,266731124
4976000,1931253813,267069317
4981000,2280981757,267637724
4986000,1924005142,268136181
4991000,1993919139,268678936
4996000,1954221201,268972113
5001000,1966415265,269413364
5006000,1981749338,270037275
5011000,1962356801,270488212
5016000,1965330696,270859349
5021000,1961151804,271234441
5026000,2075558276,271852193
5031000,2039237649,272382116
5036000,2047030969,272669038
5041000,2076085727,273041203
5046000,2025806550,273574717
5051000,1993931989,274111390
5056000,2191591168,274478082
5061000,2116504337,275089270
5066000,2018685343,275423596
5071000,2027881273,275937639
5076000,2012725977,276328648
5081000,1996018459,276705668
5086000,2027403485,277449296
5091000,2166584421,277875059
5096000,2150541665,278227554
5101000,2182492508,278786260
5106000,2038187141,279232729
5111000,2045750992,279633453
5116000,2040065952,280153210
5121000,2069480329,280672909
5126000,2287882186,281158190
5131000,2090302788,281533581
5136000,2045951234,282001121
5141000,2013885278,282467313
5146000,2221523498,283038035
5151000,2075843504,283405369
5156000,2095242215,283899482
5161000,2031417346,284448264
5166000,2102544461,284837399
5171000,2399176065,285182472
5176000,2512250402,285807137
5181000,2478977375,286286811
5186000,2549052854,286834495
5191000,2569861054,287200215
5196000,2494217967,287796961
5201000,2421047507,288138384
5206000,2426878108,288647875
5211000,2291861319,289160497
5216000,2355697811,289625035
5221000,2195220617,290060198
5226000,2274533728,290511963
5231000,2222184444,290935350
5236000,2222240237,291484129
5241000,2351156841,292023387
5246000,2271602982,292395166
5251000,2195137389,292962784
5256000,2139438379,293448665
5261000,2370652633,293849030
5266000,2123287076,294514693
5271000,2143617222,294862820
5276000,2251397042,295303905
5281000,2181648153,295872623
5286000,2208296547,296262461
5291000,2585409204,296768563
5296000,2483534192,297201142
5301000,2240183771,297688884
5306000,2295173750,298232708
5311000,2291229266,298613871
5316000,2219838626,299130133
5321000,2181562432,299752515
5326000,2521399454,300274456
5331000,2327816130,300609935
5336000,2142477597,301307685
5341000,2172315738,301617017
5346000,2180754334,302166982
5351000,2192665383,302595000
5356000,2284345067,303071786
5361000,2151392176,303603591
5366000,2145084242,304086240
5371000,2313815906,304574040
5376000,2317971163,305049540
5381000,2290985017,305575042
5386000,2249731572,305974558
5391000,2246589130,306560584
5396000,2374665398,306950673
5401000,2752318567,307490834
5406000,2267345820,307942754
5411000,2195933392,308482899
5416000,2273568241,309005136
5421000,2277890707,309438692
5426000,2280476309,309899573
5431000,2175708467,310436356
5436000,2246585415,310878372
5441000,2211434719,311517558
5446000,2229256220,311998476
5451000,2253825418,312379131
5456000,2437716646,312911000
5461000,2513889110,313444358
5466000,2408527241,313967683
5471000,2432896304,314374085
5476000,2743644694,315013384
5481000,2697861355,315494572
5486000,2438768509,315922899
5491000,2317596627,316507182
5496000,2249573263,316877770
5501000,2345376966,317512110
5506000,2799586353,317940294
5511000,2694947155,318409187
5516000,2847603748,318778562
5521000,2946879682,319368654
5526000,2696297931,319871446
5531000,2462014254,320387664
5536000,2472456070,320906690
5541000,2602186552,321449164
5546000,2592073072,321798559
5551000,2407814178,322359021
5556000,2775731004,322832988
5561000,2723083785,323453607
5566000,2475527740,323996416
5571000,2584524876,324336481
5576000,2694416339,324874510
5581000,2293304739,325411792
5586000,2325099077,326019583
5591000,2265560437,326452855
5596000,2474817311,326775420
5601000,2335373916,327491348
5606000,2400381518,328003829
5611000,2428809714,328540201
5616000,2753307594,328920375
5621000,2388694335,329499187
5626000,2846632278,329902656
5631000,2578024353,330366695
5636000,2834896762,330921933
5641000,2847881147,331542234
5646000,2772984343,332035961
5651000,2688580646,332593227
5656000,2615188154,333039487
5661000,2493513906,333589747
5666000,2400647320,334100140
5671000,2470570741,334614617
5676000,2548659985,334995497
5681000,2540393690,335522304
5686000,2397870615,336102821
5691000,2634700115,336617076
5696000,2872455791,337186164
5701000,2601514036,337535179
5706000,2971264905,338191779
5711000,2947338628,338680819
5716000,2788643014,339088165
5721000,2529463233,339756175
5726000,2729576158,340080560
5731000,2681614979,340596375
5736000,2711449426,341242868
5741000,2537829901,341724750
5746000,2548964802,342283669
5751000,2850091778,342818762
5756000,2605483746,343381470
5761000,2620370079,343777057
5766000,2568879364,344269584
5771000,2870051382,344719705
5776000,2485419006,345261181
5781000,2612217902,345798735
5786000,2419554916,346479941
5791000,2392481992,346988747
5796000,2478625497,347544796
5801000,2431014395,347978912
5806000,2443365953,348638653
5811000,2693037525,349158195
5816000,2523359217,349581674
5821000,2464032364,350005741
5826000,2453745403,350668103
5831000,2485108485,351131285
5836000,2477600034,351630467
5841000,2531839166,352030170
5846000,2631748727,352740339
5851000,2931862145,353286032
5856000,2665157764,353661456
5861000,3001834856,354156246
5866000,2645913580,354804286
5871000,3157765059,355375421
5876000,2668291976,355930450
5881000,2578830620,356291144
5886000,2572835239,356911834
5891000,2690637217,357377987
5896000,2557867774,358059362
5901000,2625013009,358373285
5906000,2523153733,359027553
5911000,2888383585,359499870
5916000,2890859318,360091351
5921000,2745382425,360667832
5926000,2857041654,361294431
5931000,2532732913,361576702
5936000,2451502256,362183459
5941000,2470905000,362762779
5946000,2491118152,363231617
5951000,2611195908,363678039
5956000,2482403611,364334057
5961000,2525631027,364902957
5966000,2517636405,365456052
5971000,2489797714,366089986
5976000,2575376524,366498365
5981000,2639722377,367037977
5986000,3212147808,367593841
5991000,3427359197,367995866
5996000,3066864447,368521590
6001000,2796797804,369073508
6006000,2805699222,369650566
6011000,2935954768,370151603
6016000,2786302193,370789684
6021000,2770041121,371270265
6026000,2819506566,371784381
6031000,3032541513,372346113
6036000,3899820459,373087323
6041000,4629372491,373588141
6046000,2879523901,373972934
6051000,2861997106,374503389
6056000,2974903293,375034338
6061000,2904964044,375626305
6066000,6154128446,376147380
6071000,4710866775,376722687
6076000,3554009616,377197163
6081000,3038160539,377886033
6086000,2934428647,378179703
6091000,2754027480,378866895
6096000,2638645806,379410592
6101000,2932705961,379779985
6106000,2957724612,380549158
6111000,2816187916,381137755
6116000,2734371381,381600499
6121000,2629568854,382078691
6126000,2582056589,382659571
6131000,2821077840,383257522
6136000,2691006691,383739117
6141000,2650536482,384250707
6146000,2698732255,384788704
6151000,2719452105,385419535
6156000,2642405285,386133094
6161000,2873116208,386447269
6166000,2706632805,387178679
6171000,2767958615,387668958
6176000,2679466532,388170131
6181000,2773196827,388789239
6186000,2865904705,389248226
6191000,2802703317,389695658
6196000,2770937261,390505694
6201000,3001527744,391067035
6206000,3081770987,391476135
6211000,2864613274,391978335
6216000,2989816689,392560936
6221000,2935283827,393115441
6226000,2962902225,393718709
6231000,2936965209,394220023
6236000,2853969681,394809826
6241000,2936088177,395394117
6246000,2784476211,395755830
6251000,2771706042,396465470
6256000,2852599464,396973224
6261000,2761462611,397691470
6266000,2772989506,398094653
6271000,2808380839,398485828
6276000,2769712136,399263784
6281000,2911999148,399876049
6286000,2852532011,400345746
6291000,3100904024,400903214
6296000,2917715690,401439551
6301000,2719141452,402216473
6306000,2856104570,402668513
6311000,3035643317,403221532
6316000,2837739178,403541151
6321000,2765644596,404326433
6326000,2768210632,404930641
6331000,2801411408,405247085
6336000,2772274764,406022813
6341000,2831378916,406403129
6346000,3074387686,407159237
6351000,2814883681,407623883
6356000,2780493801,408113267
6361000,2798492037,408736906
6366000,2828027729,409440480
6371000,2768363499,409965916
6376000,2909016538,410517714
6381000,2825738866,410937167
6386000,2758537550,411494479
6391000,2835684367,412143106
6396000,3050383514,412743276
6401000,2868211765,413314084
6406000,2826780562,414130554
6411000,2793471838,414553994
6416000,2877585157,414931313
6421000,3077252997,415466875
6426000,2990712210,416295025
6431000,2917739817,416590936
6436000,3010870999,417238168
6441000,2983552585,417857372
6446000,3043454203,418329392
6451000,3076985434,418988676
6456000,2945397095,419588888
6461000,2985477133,420189359
6466000,2904575616,420651188
6471000,3004946443,421281621
6476000,2977364218,422007264
6481000,2967479778,422580627
6486000,2945001653,422921646
6491000,2960467047,423568365
6496000,3060255158,424116459
6501000,3290149850,424658327
6506000,2971301528,425139743
6511000,3195481534,425846014
6516000,2966624345,426529649
6521000,2913644209,426986805
6526000,3068049107,427607969
6531000,3040503261,428208782
6536000,2896888152,428734696
6541000,2917074072,429407613
6546000,2885902425,429866884
6551000,3148677747,430346042
6556000,2904101897,419310475
6561000,2993484556,395779705
6566000,2757077038,372088265
6571000,2675528962,348354572
6576000,2475815367,324675191
6581000,2616572390,301027829
6586000,2570160707,277356792
6591000,2565801789,275919048
6596000,2503269132,276211470
6601000,2705403994,276603330
6606000,2725934800,276963819
6611000,2529016364,277267738
6616000,2523667563,277615680
6621000,2553487884,277892177
6626000,2615627493,278306262
6631000,2573420598,278690604
6636000,2837605465,278863627
6641000,2608364619,279214909
6646000,2710211274,279605440
6651000,2669301078,279963312
6656000,2604143744,280388248
6661000,2612949356,280655752
6666000,2690920430,280946766
6671000,2679058011,281296645
6676000,2625445579,281623744
6681000,2629817730,282056140
6686000,2798840872,282324101
6691000,2775802351,282700772
6696000,2676629165,283004906
6701000,2707837692,283275925
6706000,2624871983,283658974
6711000,2633496471,283916437
6716000,2602255865,284354062
6721000,2786108041,284720177
6726000,2646689267,285024011
6731000,2616104145,285438307
6736000,2579227304,285639431
6741000,2613341913,286158613
6746000,2564109325,286436994
6751000,2729834630,286750614
6756000,2531430321,287063036
6761000,2704996784,287341490
6766000,2716288948,287704565
6771000,2673922412,288140029
6776000,2822606761,288473975
6781000,2799177221,288763797
6786000,2623747822,289142532
6791000,2638195913,289453745
6796000,2595651946,289834210
6801000,2624404561,290222809
6806000,2573792744,290547043
6811000,2757478031,290849335
6816000,2572728423,291104896
6821000,2653745897,291561331
6826000,2588352547,291839464
6831000,2608453530,292215481
6836000,2779801527,292510766
6841000,2688551249,292838912
6846000,2678757643,293270190
6851000,2567270684,293608035
6856000,2601995522,293993689
6861000,2682418970,294271174
6866000,2610341973,294534151
6871000,2736404050,294976509
6876000,2683122471,295308866
6881000,2802528038,295650696
6886000,2748623024,296000639
6891000,2958035971,296311918
6896000,2627635763,296728154
6901000,2593391452,297050337
6906000,2668436521,297404848
6911000,2716013129,297702447
6916000,2693263510,298040152
6921000,2676290384,298552451
6926000,2613121964,298814297
6931000,2641467788,299090651
6936000,2612498124,299514474
6941000,2738569960,299798817
6946000,2893351827,300195206
6951000,2588521936,300519985
6956000,2539690611,300920114
6961000,2533803010,301250052
6966000,2587901743,301569113
6971000,2570040752,301960779
6976000,2541394594,302352230
6981000,2529183946,302664901
6986000,2564471070,303003487
6991000,2562301608,303312271
6996000,2594966574,303650330
7001000,2725193468,304112307
7006000,2878778827,304445094
7011000,2561724421,304717265
7016000,2540544843,305115786
7021000,2543480963,305483207
7026000,2504362744,305834992
7031000,2600125364,306115238
7036000,2573811681,306427158
7041000,2578004273,306929511
7046000,2579291178,307249596
7051000,2911472573,307576511
7056000,2654120063,307936699
7061000,2671783159,308285150
7066000,2774437197,308571625
7071000,2642953757,308898053
7076000,2720557526,309315200
7081000,2778281748,309663712
7086000,2745834946,310025928
7091000,2669235750,310464868
7096000,2655047662,310674320
7101000,2762915466,311118460
7106000,2596556171,311501627
7111000,2564545062,311829419
7116000,2837130627,312211946
7121000,2983328448,312576312
7126000,2694973997,312990762
7131000,2777612228,313126998
7136000,2594541114,313494254
7141000,2739299662,313957530
7146000,2640641812,314234741
7151000,2707670779,314674904
7156000,2588199916,314955229
7161000,2598477630,315330566
7166000,2560481886,315725327
7171000,2715966858,316003402
7176000,2982347912,316480078
7181000,2713024118,316815423
7186000,2678138548,317135842
7191000,2706652655,317512346
7196000,2624980962,317851157
7201000,2692070504,318332617
7206000,2771227036,318588101
7211000,2709492883,318949636
7216000,2674779516,319242281
7221000,2602430995,319677161
7226000,2584909722,320027343
7231000,3042014514,320309256
7236000,2851844958,320768300
7241000,2614828683,321127771
7246000,2689686318,321461061
7251000,2702300398,321799286
7256000,2671106235,322186184
7261000,2729243178,322442349
7266000,2868474806,322886834
7271000,2813227873,323215238
7276000,2766719829,323676905
7281000,2726302730,323956811
7286000,2929560752,324308496
7291000,2683352569,324660080
7296000,2682124097,325104999
7301000,2679639103,325420844
7306000,2696962406,325766749
7311000,2679744156,326190996
7316000,2671760934,326489406
7321000,2729555402,326870107
7326000,2711656470,327195104
7331000,2704900873,327643546
7336000,2685539383,327934654
7341000,2961226481,328298057
7346000,2888573721,328718242
7351000,2791717588,329041830
7356000,2683210062,329382786
7361000,2724102154,329767937
7366000,2780912239,330209582
7371000,2677536147,330503292
7376000,2620586537,330933465
7381000,2794486917,331235158
7386000,2721502304,331595349
7391000,2753150565,331993566
7396000,2947180070,332355253
7401000,2660649350,332699810
7406000,2632275526,333113740
7411000,2718275474,333402303
7416000,2767072075,333848677
7421000,2737520384,334167431
7426000,2721215373,334516755
7431000,2795049638,334932639
7436000,2670722857,335250292
7441000,2801406634,335653797
7446000,2704787612,336039091
7451000,3160923018,336401344
7456000,2664110084,336698480
7461000,2942261141,337140227
7466000,2776049810,337326984
7471000,2782187485,337866976
7476000,2887676142,338129054
7481000,2850594567,338585478
7486000,2797339521,338960990
7491000,2866661198,339250226
7496000,2785340812,339742298
7501000,2768374932,339967216
7506000,2898981615,340420140
7511000,2796954978,340795421
7516000,2788260183,341271159
7521000,3027410764,341551995
7526000,2836140948,341931198
7531000,2896349278,342319209
7536000,2694656265,342633099
7541000,2773316801,342984283
7546000,2994009136,343330520
7551000,2821589614,343759032
7556000,2954204249,344280034
7561000,2955552757,344458251
7566000,2902903722,344857438
7571000,3056581571,345203534
7576000,2955482861,345621548
7581000,2813807028,346030616
7586000,2873256055,346435566
7591000,2775388070,346854736
7596000,2772234760,347148431
7601000,2853112936,347408729
7606000,2770689654,347939297
7611000,3076311702,348202917
7616000,2806473738,348574981
7621000,2877935383,348999703
7626000,2862408019,349300269
7631000,2816779354,349833462
7636000,2760769622,350120324
7641000,2816434756,350564285
7646000,2900844738,350927014
7651000,2780868051,351358681
7656000,3198787275,351580113
7661000,3146996820,351952872
7666000,3020859999,352369784
7671000,3094905768,352713406
7676000,3064633217,353080567
7681000,3442709023,353530697
7686000,3098777689,353876593
7691000,3039426306,354253184
7696000,2951660064,354566331
7701000,3012075948,355066024
7706000,3192242685,355419706
7711000,3532282546,355707643
7716000,6741439422,356093872
7721000,5274242151,356571251
7726000,4756323337,356914763
7731000,4716262061,357177514
7736000,4684915245,357599727
7741000,5518117401,358017771
7746000,4523292408,358397385
7751000,4536702425,358817824
7756000,4520817242,359296209
7761000,3934644922,359599201
7766000,3840564543,359893326
7771000,3841702075,360318322
7776000,4272669298,360713158
7781000,3965678199,360983147
7786000,3808404481,361361328
7791000,3837207426,361774288
7796000,3799502465,362280782
7801000,4167152529,362474313
7806000,3933496872,362948073
7811000,3978835749,363252812
7816000,4309855897,363774034
7821000,3881149094,364178318
7826000,3955963929,364501583
7831000,4158058108,364789438
7836000,4073331528,365207741
7841000,3861411317,365775454
7846000,4109016530,366032350
7851000,4002236489,366426979
7856000,4426783800,366696312
7861000,4204412261,367201733
7866000,4009034892,367549733
7871000,4067788415,368052288
7876000,4127973892,368366110
7881000,4167663254,368647470
7886000,3999117611,369044239
7891000,4448490519,369399381
7896000,4212117064,369822310
7901000,3946351429,370317003
7906000,4145614571,370703530
7911000,4307912564,371025423
7916000,3963183598,371475125
7921000,4112408627,371904273
7926000,3993344596,372157430
7931000,4319106669,372564764
7936000,4069491796,373037272
7941000,4043088042,373414381
7946000,4026478292,373819605
7951000,4140216505,374092107
7956000,5201582323,374503843
7961000,4697547662,374937821
7966000,4226662135,375234824
7971000,4225592479,375656820
7976000,4013249968,375941258
7981000,4381361772,376491828
7986000,4668535858,376808768
7991000,4237192166,377091132
7996000,4422946385,377584236
8001000,5056904449,378059006
8006000,4419031656,378332135
8011000,4181157839,378750518
8016000,6064940577,379177157
8021000,4654616932,379537261
8026000,4077443571,380017798
8031000,4493830610,380440164
8036000,4160675076,380613424
8041000,4374996871,381125620
8046000,4564658759,381450946
8051000,4295497923,381907687
8056000,5182334955,382244489
8061000,4453222014,382698951
8066000,5135023519,382989779
8071000,4471431324,383461909
8076000,4071346768,383763558
8081000,3922962287,384255751
8086000,4265817985,384626188
8091000,4738088183,385142600
8096000,4542532917,385476577
8101000,4134591775,385779661
8106000,3885047147,386207384
8111000,5875760921,386631413
8116000,4574916006,387010961
8121000,4434203459,387292019
8126000,4541393612,387810602
8131000,5108802415,388028805
8136000,5131003216,388618397
8141000,3848994983,388926818
8146000,3823386427,389350505
8151000,4562847442,389667782
8156000,4773543761,390092927
8161000,4519991389,390637705
8166000,4325195245,390982762
8171000,4786381883,391438688
8176000,4169481007,391757635
8181000,4542545306,392073406
8186000,4669678011,392418092
8191000,5677309540,392953295
8196000,4479114286,393265023
8201000,5002579518,393728473
8206000,5311440667,394053022
8211000,4856226840,394478006
8216000,3844290813,394793587
8221000,3934458437,395326609
8226000,3855050549,395632331
8231000,4238831321,396077731
8236000,4435425662,396495119
8241000,4385691691,396769143
8246000,3902524522,397255541
8251000,3942749181,397674938
8256000,3975148673,398137940
8261000,4003713878,398581963
8266000,4203760973,398741572
8271000,4068513407,399331835
8276000,4256633320,399698680
8281000,4020116820,400108412
8286000,3887846163,400535781
8291000,3898398052,400755799
8296000,3958111109,401359346
8301000,3938404839,401677034
8306000,3969196799,402028305
8311000,3905685282,402482975
8316000,4355647213,402883035
8321000,3974239518,403169209
8326000,3941958494,403702436
8331000,3996294455,404123365
8336000,3885272155,404477738
8341000,4159182783,404966321
8346000,4146799630,405388187
8351000,4043921478,405680374
8356000,4262045266,406085537
8361000,3934345477,406471259
8366000,3955642360,406807326
8371000,4080716587,407330725
8376000,8394920290,407637411
8381000,7128994117,408207732
8386000,6285100576,408532405
8391000,5963419600,408945566
8396000,4448580006,409232163
8401000,4470256163,409600955
8406000,4294848006,410139082
8411000,4206621566,410478822
8416000,4535542128,410916075
8421000,3964171689,411328559
8426000,4120549320,411780721
8431000,4093532300,412186586
8436000,4204856409,412639391
8441000,4078648047,412936131
8446000,4077458443,413342476
8451000,4377587260,413778510
8456000,4191342392,414179324
8461000,4074831881,414472208
8466000,4214955607,414957273
8471000,4289865466,415419505
8476000,5868108602,415934600
8481000,5655108342,416276040
8486000,6335787510,416648751
8491000,5191957071,416951098
8496000,4874808886,417366548
8501000,4367273410,417758784
8506000,5508345033,418252306
8511000,4353283347,418662991
8516000,4314004054,419086708
8521000,3962424641,419572829
8526000,4325973538,419929777
8531000,4325212604,420312419
8536000,4209907701,420657520
8541000,4142237052,421187098
8546000,4460084721,421483564
8551000,4546821130,421838521
8556000,4310226798,422313372
8561000,4207926915,422799722
8566000,4193321942,423200842
8571000,4172889900,423663576
8576000,4202440988,424050444
8581000,4147754377,424440827
8586000,4239666903,424781921
8591000,4486064408,425277920
8596000,5730977835,425671087
8601000,5249514868,426085046
8606000,4475098809,426412520
8611000,4703597724,426970196
8616000,4484029514,427376670
8621000,4716993155,427652751
8626000,4223210202,428154150
8631000,4215439649,428515842
8636000,5509477726,428982628
8641000,5367340754,429420017
8646000,5966648277,429871968
8651000,5282087423,430182888
8656000,5279772497,430608787
8661000,4993797118,430947319
8666000,4698426499,431419310
8671000,5037412408,431845401
8676000,5302715420,432356287
8681000,5210446079,432612502
8686000,5114741779,432923283
8691000,4413316299,433438330
8696000,4716094605,433858041
8701000,4423680640,434245465
8706000,4695206538,434668654
8711000,4919025516,435201015
8716000,5217780207,435552703
8721000,5014249462,435949195
8726000,4630079713,436432118
8731000,4621541106,436751853
8736000,4623297740,437223382
8741000,4235951136,437724372
8746000,4927560868,437949331
8751000,4637912337,438546506
8756000,5150505279,438913980
8761000,5275753414,439327909
8766000,4355560944,439709651
8771000,4414395900,440182926
8776000,4435873398,440628253
8781000,4781599051,440936211
8786000,4425996099,441359628
8791000,4301495349,441848482
8796000,4505223448,442232743
8801000,4293478333,442587797
8806000,4339329888,443129671
8811000,4444130267,443531668
8816000,5049274985,443911844
8821000,4318003929,444322618
8826000,4554754631,444853142
8831000,6866398162,445239729
8836000,5767716296,445521938
8841000,6065782501,445984557
8846000,5222409191,446412581
8851000,4998770933,446825516
8856000,4944073184,447262063
8861000,4848673220,447681414
8866000,4665546839,448091289
8871000,4931902823,448552775
8876000,5100621795,449036281
8881000,4431134346,449484371
8886000,4462792853,449724117
8891000,4588025966,450312481
8896000,5304590026,450702914
8901000,4515834200,451070674
8906000,4691741371,451606573
8911000,4560193391,451934900
8916000,4417369718,452275070
8921000,4577140546,452825978
8926000,4426849018,453229940
8931000,5656440146,453526080
8936000,6547697380,453988246
8941000,6193483786,454420415
8946000,5593067567,454906325
8951000,5372738386,455304889
8956000,4674222126,455845032
8961000,5877311292,456154550
8966000,5811923728,456597788
8971000,4933258409,457036484
8976000,4280174477,457412756
8981000,4306959298,457927646
8986000,4568407031,458317113
8991000,4605385203,458686344
8996000,4447189988,459159530
9001000,5103685992,459572703
9006000,4580828051,459981971
9011000,4427132952,460403792
9016000,4572293430,460930680
9021000,4421624597,461360375
9026000,4445290768,461724079
9031000,4479571421,462155951
9036000,5104358326576,462490713
9041000,6553329820,462956426
9046000,3849691018,463444064
9051000,3666375630,463890449
9056000,3604305765,464432133
9061000,4275649967,464721644
9066000,3740989446,465223086
9071000,4171470297,465569464
9076000,3656806915,465943096
9081000,3524450030,466530105
9086000,3482849003,466715489
9091000,3470323359,467225847
9096000,3516410404,467814923
9101000,3546439403,468272432
9106000,3496337573,468690089
9111000,3521604412,469037725
9116000,3872525955,469523495
9121000,3793110181,469839538
9126000,3498960030,470354116
9131000,3520423343,470703174
9136000,3540394859,471377638
9141000,3516957473,471734913
9146000,3545486673,472011750
9151000,3747187370,472439687
9156000,3769984458,472799995
9161000,3923552890,473365603
9166000,3836961658,473855462
9171000,3754341519,474221529
9176000,3876162368,474635085
9181000,3935457559,475090833
9186000,3849810742,475594429
9191000,3725907893,475997428
9196000,4065307477,476441170
9201000,4030021938,476805413
9206000,3790981532,477297366
9211000,3766063099,477668492
9216000,3770535776,478175074
9221000,3702917622,478625431
9226000,3691626078,479108474
9231000,3620956734,479312724
9236000,3945363476,479871764
9241000,3734788844,480403039
9246000,3670663445,480854657
9251000,3834964579,481273225
9256000,3721901287,481566404
9261000,3690976290,482107508
9266000,3720985393,482398463
9271000,3667400830,482888310
9276000,3980005379,483378496
9281000,4004417588,483853159
9286000,3994547610,484163192
9291000,3678450189,484682425
9296000,3702510473,485103341
9301000,3782725683,485615668
9306000,3858904100,485945168
9311000,3752687827,486515692
9316000,3843611727,486875114
9321000,4020557298,487228687
9326000,3828137127,487628324
9331000,3945182857,488194160
9336000,3818569732,488615429
9341000,3924990216,489013340
9346000,3877832990,489549057
9351000,4228644404,490055549
9356000,4298624573,490305169
9361000,4326795764,490808980
9366000,4359901488,491325581
9371000,4065376190,491642961
9376000,4596135067,492206913
9381000,4373291625,492545804
9386000,4267607449,492996734
9391000,4617025209,493538898
9396000,4257040788,493874650
9401000,4229196142,494385971
9406000,4491886281,494938017
9411000,4372319387,495285755
9416000,4265922102,495777817
9421000,4308742044,496080522
9426000,4258403251,496609566
9431000,4245265422,497022036
9436000,4275942397,497594635
9441000,4341166340,497769784
9446000,4387319855,498414671
9451000,4223297652,498913191
9456000,4241480511,499198990
9461000,4373431225,499828789
9466000,4259184936,500233457
9471000,4126848821,500575312
9476000,4217053769,501071427
9481000,4186983334,501464305
9486000,4219490776,501969212
9491000,4190820735,502433947
9496000,4353554457,502730834
9501000,7051530109,503333621
9506000,7436259338,503818270
9511000,6383510496,504090105
9516000,6435660737,504553407
9521000,6797263104,505252296
9526000,6157109064,505598184
9531000,5886082193,505892934
9536000,6139077906,506446902
9541000,7257990149,506706073
9546000,8467405875,507272569
9551000,6929557205,507777778
9556000,5219480147,508078757
9561000,4719536778,508597557
9566000,4671479322,508988478
9571000,5888520834,509514910
9576000,4701012247,510035101
9581000,4637529125,510429048
9586000,6649642776,510682496
9591000,6246859847,511358118
9596000,5303002724,511894555
9601000,6713888620,512239983
9606000,7220431475,512597633
9611000,5620489639,513144064
9616000,4818647045,513643850
9621000,4767952299,513970582
9626000,4914579446,514476109
9631000,4905834151,514796751
9636000,4764356034,515427023
9641000,4726573232,515700277
9646000,4699885470,516134096
9651000,4856231633,516641065
9656000,4877847855,517188490
9661000,5155883339,517518908
9666000,5282245842,518129915
9671000,7392559567,518466952
9676000,7900137846,519002695
9681000,6926497323,519507799
9686000,6131503400,519913486
9691000,5700435302,520350253
9696000,5537412467,520647148
9701000,8547120472,521399333
9706000,6404537364,521758977
9711000,5683956258,522126510
9716000,6480227803,522693244
9721000,6791591754,523138067
9726000,5879629736,523517979
9731000,6466880084,523862749
9736000,8014899591,524409677
9741000,10267364670,524931530
9746000,6516695368,525481664
9751000,6284717353,525796621
9756000,8374177854,526313505
9761000,6668486642,526671333
9766000,6898637724,527178775
9771000,5111576755,527660391
9776000,5422364154,528003822
9781000,5281158352,528418565
9786000,5480023567,528933675
9791000,5519340162,529469436
9796000,4893717078,529851871
9801000,5169574295,530348258
9806000,5529510392,530949822
9811000,5106986271,531410337
9816000,4909002503,531716927
9821000,5842142611,532173227
9826000,6290711147,532659910
9831000,6339397866,533049479
9836000,5488719038,533585669
9841000,6280772699,533950387
9846000,5915080171,534381739
9851000,6198823731,534857323
9856000,6291028678,535414040
9861000,5291726390,535865062
9866000,5668465936,536363797
9871000,6030848985,536812068
9876000,6702383328,537317050
9881000,5969470826,537607324
9886000,5476125154,538179820
9891000,6442803254,538673386
9896000,6222744630,539156623
9901000,5783229592,539594362
9906000,5356725707,540091811
9911000,6259159369,540659488
9916000,7117406793,540981092
9921000,6283192988,541395467
9926000,6653397100,541891730
9931000,7268421153,542427722
9936000,7612862815,542864351
9941000,7085784819,543300918
9946000,5462432325,543721064
9951000,7045636264,544238832
9956000,7315308223,544641871
9961000,7094270722,545112435
9966000,5970096047,545447070
9971000,6153979066,546247992
9976000,6250591246,546559112
9981000,5812020823,546976668
9986000,6082599819,547588784
9991000,5925520451,547959793
9996000,5553546880,548579617
sampleSize,timing,keycomp
1000,281753,35330
6000,2486083,320153
11000,4533442,546805
16000,8476404,626627
21000,10268341,1022784
26000,10587689,885986
31000,10984668,1213113
36000,15045646,1584174
41000,13738996,2000667
46000,19982316,2459125
51000,22703350,2984822
56000,16402814,2075981
61000,18046407,2408549
66000,20772246,2778232
71000,22674629,3153779
76000,25483497,3561746
81000,27624284,3987349
86000,32905994,4441144
91000,31778646,4948246
96000,33428405,5410773
101000,36816436,5968896
106000,29468787,3880416
111000,33378654,4193930
116000,34922060,4533205
121000,34052071,4873197
126000,38368048,5225069
131000,40231873,5598944
136000,45455229,5965472
141000,47299992,6374521
146000,53644219,6768176
151000,54248115,7196243
156000,56236408,7623733
161000,54772155,8058714
166000,60248610,8503717
171000,59573997,8980301
176000,64737188,9456115
181000,76252068,9920718
186000,69485603,10434212
191000,71731161,10966627
196000,71781834,11459379
201000,80737892,12032003
206000,66141683,7602680
211000,64017061,7913445
216000,67268949,8220483
221000,70961025,8549908
226000,67263200,8881467
231000,70314999,9232044
236000,72294322,9560294
241000,75236335,9905692
246000,76273062,10260780
251000,88325365,10632163
256000,83107220,11016840
261000,99165167,11374750
266000,84532476,11762138
271000,89436264,12135676
276000,90135908,12537686
281000,95259576,12937265
286000,90604687,13335783
291000,99118988,13741066
296000,98129808,14188472
301000,100381909,14586450
306000,107337908,14980286
311000,115600027,15458347
316000,111559725,15901795
321000,122171319,16318821
326000,125731345,16786277
331000,131400436,17230357
336000,135953581,17718398
341000,142235721,18201381
346000,174920683,18665161
351000,125840068,19148950
356000,127962732,19645388
361000,135940390,20133018
366000,134752907,20643378
371000,146980723,21159107
376000,189289110,21692547
381000,170719745,22190556
386000,218115687,22732238
391000,153696935,23264019
396000,183865578,23813307
401000,161658521,24338945
406000,170750162,24882270
411000,153671883,18664833
416000,157103910,15848922
421000,166095617,16170953
426000,141345742,16487555
431000,155195448,16832607
436000,167251112,17134552
441000,168696926,17454936
446000,182754138,17842570
451000,205025293,18148001
456000,191150502,18480156
461000,184771567,18810560
466000,150862142,19177110
471000,153572183,19517283
476000,174376345,19874326
481000,192448126,20242849
486000,250401186,20595568
491000,185161614,20936022
496000,176278897,21335032
501000,205578700,21700638
506000,178591983,22049603
511000,175027841,22410751
516000,182955918,22824535
521000,201073057,23179532
526000,186643477,23580004
531000,186314262,23979920
536000,200590664,24357879
541000,202054999,24731277
546000,222035559,25155233
551000,204625164,25567368
556000,244633675,25952630
561000,202962677,26367410
566000,245705057,26735872
571000,242267221,27161393
576000,244707378,27572530
581000,226709055,27971648
586000,245164853,28390301
591000,306723311,28841226
596000,271369571,29272953
601000,246775051,29696837
606000,255606982,30126899
611000,232968741,30577166
616000,255049788,30976525
621000,264683580,31434823
626000,314565631,31882067
631000,280905322,32337691
636000,254772506,32788328
641000,248445522,33234758
646000,246242327,33665716
651000,294950490,34155932
656000,249323639,34591500
661000,259260782,35070575
666000,252519335,35561170
671000,259846667,36041552
676000,274219713,36487228
681000,265551968,36968084
686000,278640763,37432329
691000,294596247,37926142
696000,268398177,38426041
701000,289748175,38891931
706000,286209239,39422685
711000,356784121,39895790
716000,345167114,40387710
721000,365772084,40917478
726000,297075041,41388226
